ID	STRUCTURE	FREQUENCY	AchuarShiwiar	Aguaruna	Andoa	Arabela	Bora	Candoshi-Shapra	Chayahuita	Chibito	Coeruna	Iquito	Juri	MiranhaCarapana-Tapuya	Muinane	Muniche	Ocaina	Omurano	Pebas	Proto-Bora-Muinane	Resigaro	Shiwilu	Shuar	Taushiro	Tequiraca	Ticuna	Urarina	Wampis	Waorani	WitotoMinica	WitotoMurui	WitotoNipode	Yagua	Yameo	Yanesha	Zaparo	COGNATESETS	CONCEPTS
279	V	1	ɨː	ɨː	Ø	Ø	Ø	Ø	Ø	Ø	Ø	Ø	Ø	Ø	Ø	Ø	Ø	Ø	Ø	Ø	Ø	Ø	ɨː	Ø	Ø	Ø	Ø	ɨː	Ø	Ø	Ø	Ø	Ø	Ø	Ø	Ø	1306:1	salt
13	V	74	ɨ	ɨ	Ø	Ø	Ø	o	Ø	Ø	o	Ø	Ø	Ø	Ø	Ø	o	Ø	Ø	Ø	Ø	Ø	ɨ	Ø	Ø	Ø	Ø	ɨ	Ø	o	o	o	Ø	Ø	a	Ø	259:1, 259:3, 268:1, 308:0, 308:2, 409:1, 535:1, 539:2, 542:1, 542:3, 640:7, 704:2, 777:4, 807:0, 922:4, 981:1, 1078:4, 1259:7, 1283:3, 1407:2, 1504:1, 1618:3, 1703:1, 1752:3, 2213:1, 2371:2, 2453:1, 2453:3, 2521:4, 2540:1, 2592:1, 2603:0, 2712:1, 2815:1, 2815:3, 2874:5, 3022:7, 3041:4, 3165:4, 3258:0, 3292:1, 3454:3, 3463:3, 3642:2, 3642:5, 561:1, 716:1, 716:3, 1020:4, 1892:0, 3357:3, 511:2, 511:4, 992:3, 1728:1, 3625:3, 131:3, 192:1, 192:4, 241:3, 300:2, 602:1, 693:1, 1224:3, 1759:4, 1885:2, 2941:0, 3129:3, 3261:1, 3261:3, 1207:0, 2924:3, 834:1, 1167:1	at / back (person's) / bark / belly / cold (of weather) / dog / ear / feather (larger feathers rather than down) / foot / good / green / hand / heart / in / lake / left (hand) / leg / louse / mouth / near / new / night / nose / old / right (correct) / river / root / rope / see / sky / snake / stone / sun / tail / thou / to flow / to know (facts) / to pull / to sew / to sing / to split / to squeeze / to think / to wash / tooth (front rather than molar) / warm (of weather) / water / we / when? / where? / wind / wing / woman / ye / yellow
155	V	3	ɨ	ɨ	Ø	Ø	Ø	Ø	-	Ø	Ø	Ø	Ø	Ø	Ø	Ø	Ø	Ø	Ø	Ø	Ø	-	e	Ø	Ø	Ø	Ø	ɨ	Ø	Ø	Ø	Ø	Ø	Ø	e	Ø	664:0, 1167:3, 2840:9	long / right (correct) / tongue
213	V	1	ɨ	-	Ø	Ø	Ø	Ø	Ø	Ø	Ø	Ø	Ø	Ø	Ø	Ø	Ø	Ø	Ø	Ø	Ø	Ø	ɨ	Ø	Ø	Ø	Ø	ɨ	Ø	Ø	Ø	Ø	Ø	Ø	Ø	Ø	758:6	meat (flesh)
2	V	84	Ø	Ø	Ø	Ø	Ø	Ø	Ø	Ø	oa	Ø	Ø	Ø	Ø	Ø	ɯː	Ø	Ø	Ø	Ø	Ø	Ø	Ø	Ø	Ø	Ø	Ø	Ø	e	e	e	Ø	Ø	Ø	Ø	126:3, 259:6, 259:9, 409:3, 431:1, 431:4, 431:7, 539:0, 593:7, 595:4, 663:7, 685:2, 867:3, 981:5, 1055:7, 1078:0, 1120:5, 1133:4, 1160:6, 1160:9, 1301:6, 1304:6, 1342:1, 1342:3, 1407:5, 1444:4, 1444:7, 1536:5, 1579:5, 1600:4, 1600:7, 1717:4, 1832:1, 1832:7, 1832:10, 1861:5, 1939:5, 2012:4, 2084:4, 2213:4, 2233:4, 2263:6, 2263:9, 2284:6, 2360:3, 2360:6, 2371:5, 2391:3, 2423:4, 2453:6, 2521:7, 2540:4, 2562:3, 2562:6, 2592:7, 2603:5, 2605:5, 2690:3, 2712:3, 2712:13, 2732:7, 2755:6, 2783:4, 2783:7, 2815:6, 2852:3, 2917:1, 3042:4, 3069:2, 3069:5, 3069:8, 3108:4, 3179:4, 3292:6, 3292:9, 3388:3, 3388:6, 3388:9, 3403:7, 3454:1, 3568:2, 511:0, 522:1, 2882:2	back (person's) / belly / big / black / blood / cloud / dry (substance) / dull (knife) / ear / far / fog / green / heart / heavy / in / long / name / new / not / old / other / red / rotten (especially log) / say / see / sharp (as knife) / sleep / smoke (of fire) / smooth / thick / thin / to bite / to come / to cut / to dig / to eat / to flow / to fly / to hear / to kill / to know (facts) / to live / to pull / to push / to sew / to sing / to smell (perceive odor) / to split / to squeeze / to swim / to think / to throw / to tie / to vomit / to wash / tongue / tree / two / where? / white / wide / yellow
4	V	40	Ø	Ø	Ø	Ø	Ø	Ø	Ø	Ø	Ø	Ø	Ø	Ø	Ø	Ø	o	Ø	Ø	Ø	Ø	Ø	Ø	Ø	Ø	Ø	Ø	Ø	Ø	ɯ	ɯ	ɯ	Ø	Ø	Ø	Ø	126:2, 308:4, 409:6, 595:1, 640:0, 704:0, 867:6, 1120:1, 1160:3, 1280:4, 1301:1, 1316:0, 1407:1, 1536:0, 1536:2, 1579:3, 1703:3, 1703:6, 1832:5, 1861:1, 2263:3, 2391:1, 2521:1, 2603:2, 2605:0, 2641:4, 2712:5, 2732:1, 2783:1, 2852:1, 3022:1, 3041:1, 3042:1, 3177:1, 3179:2, 3235:1, 3235:3, 3503:1, 3503:4, 522:6	back (person's) / black / blood / cloud / egg / fog / hand / heart / leg / louse / name / other / red / rope / rotten (especially log) / salt / see / sleep / smoke (of fire) / stone / there / thick / thin / to eat / to sew / to squeeze / to think / to throw / to vomit / tongue / when? / where? / with (accompanying) / worm
3	V	31	Ø	Ø	Ø	Ø	ɯ	Ø	Ø	Ø	Ø	Ø	Ø	Ø	ɨ	Ø	Ø	Ø	Ø	ɨ	Ø	Ø	Ø	Ø	Ø	Ø	Ø	Ø	Ø	Ø	Ø	Ø	Ø	Ø	Ø	Ø	12:6, 23:3, 133:1, 239:1, 364:5, 397:3, 397:5, 464:3, 515:6, 662:5, 797:3, 1011:1, 1011:4, 1041:1, 1141:1, 1267:5, 1388:2, 1524:1, 1645:4, 1645:6, 1669:0, 1711:4, 1733:1, 2884:0, 2930:1, 3229:1, 3395:9, 3468:3, 3519:3, 3519:5, 3580:3	ashes / at / bad (deleterious or unsuitable) / dull (knife) / earth (soil) / eye / fat (organic substance) / fire / foot / head / heart / how / if / mother / nose / not / red / rope / see / sleep / star / stick (of wood) / straight / sun / tree / water / worm
19	V	28	Ø	Ø	Ø	Ø	a	Ø	Ø	Ø	Ø	Ø	Ø	Ø	a	Ø	Ø	Ø	-	a	Ø	Ø	Ø	Ø	Ø	Ø	Ø	Ø	Ø	Ø	Ø	Ø	u	u	Ø	Ø	73:1, 364:3, 487:1, 515:1, 649:2, 811:1, 1040:1, 1141:4, 1267:3, 1325:8, 1524:3, 1582:3, 1711:1, 1733:4, 2094:0, 2119:1, 2747:1, 2860:2, 3115:3, 3171:1, 3229:5, 3242:0, 3266:3, 3266:5, 3395:6, 3580:6, 2327:3, 2918:8	big / bone / dull (knife) / fat (organic substance) / five / head / husband / if / liver / mountain / not / red / rope / sand / sleep / straight / sun / to drink / to eat / to hunt (game) / tooth (front rather than molar) / two / wife / with (accompanying) / worm / ye / year
10	V	23	Ø	Ø	Ø	Ø	Ø	Ø	Ø	Ø	Ø	Ø	Ø	Ø	Ø	Ø	a	Ø	Ø	Ø	Ø	Ø	Ø	Ø	Ø	Ø	Ø	Ø	Ø	i	i	i	Ø	Ø	Ø	Ø	100:3, 922:0, 922:7, 1055:5, 1078:1, 1160:1, 1218:0, 1218:5, 1259:2, 1280:0, 1304:3, 1752:1, 1939:2, 2012:1, 2263:1, 2852:0, 2874:0, 2874:2, 3145:3, 3165:0, 3403:4, 3463:0, 493:2	bark / black / dull (knife) / flower / husband / near / not / old / red / river / root / rope / rotten (especially log) / sun / to bite / to come / tongue / tooth (front rather than molar) / wind / wing
29	V	9	Ø	Ø	Ø	Ø	ɨ	Ø	Ø	Ø	Ø	Ø	Ø	Ø	e	Ø	Ø	Ø	Ø	e	Ø	Ø	Ø	Ø	Ø	Ø	Ø	Ø	Ø	Ø	Ø	Ø	Ø	Ø	Ø	Ø	73:6, 218:8, 487:3, 1388:4, 1498:6, 1645:1, 1645:2, 3395:3, 3468:6	dull (knife) / earth (soil) / five / grass / husband / see / sky / star
32	V	8	Ø	Ø	Ø	Ø	a	Ø	Ø	Ø	Ø	Ø	Ø	Ø	a.i	Ø	Ø	Ø	Ø	a.i	Ø	Ø	Ø	Ø	Ø	Ø	Ø	Ø	Ø	Ø	Ø	Ø	Ø	Ø	Ø	Ø	23:6, 1229:2, 1325:3, 1368:2, 1645:9, 2930:4, 2955:3, 3242:4	fire / river / sand / sea (ocean) / star / water / we / ye
48	V	8	Ø	Ø	Ø	Ø	Ø	Ø	Ø	Ø	Ø	Ø	Ø	Ø	Ø	Ø	ɯ	Ø	Ø	Ø	Ø	Ø	Ø	Ø	Ø	Ø	Ø	Ø	Ø	a.i	a.i	a.i	Ø	Ø	Ø	Ø	593:1, 1301:3, 1316:1, 1444:1, 3108:0, 3145:1, 3165:1, 1369:3	rotten (especially log) / salt / sea (ocean) / sharp (as knife) / to cut / wide / wind / wing
90	V	8	Ø	Ø	o	u	Ø	Ø	Ø	Ø	Ø	i	Ø	o.o	Ø	Ø	Ø	Ø	Ø	Ø	Ø	Ø	Ø	Ø	Ø	Ø	i	Ø	o	Ø	Ø	Ø	Ø	Ø	Ø	u	839:2, 1523:5, 2092:5, 2345:4, 141:2, 694:1, 2737:3, 3627:6	bone / feather (larger feathers rather than down) / foot / louse / mouth / sleep / to drink / to kill
51	V	7	Ø	Ø	a	-	Ø	Ø	Ø	Ø	Ø	a	Ø	Ø	Ø	Ø	Ø	Ø	Ø	Ø	Ø	Ø	Ø	Ø	Ø	Ø	Ø	Ø	Ø	Ø	Ø	Ø	Ø	Ø	Ø	a	839:6, 1568:0, 1997:0, 2570:0, 3265:0, 363:0, 3184:3	head / mouth / smoke (of fire) / to come / to spit / woman / year
66	V	7	Ø	Ø	Ø	Ø	Ø	Ø	Ø	Ø	o	Ø	Ø	u	Ø	Ø	o	Ø	Ø	Ø	Ø	Ø	Ø	Ø	Ø	Ø	Ø	Ø	Ø	u	u	u	Ø	Ø	Ø	Ø	981:3, 1717:2, 2783:3, 3069:0, 3108:2, 796:1, 3081:1	I / big / new / to vomit / white / who? / wide
75	V	7	Ø	Ø	a	a	Ø	Ø	Ø	Ø	Ø	aː	Ø	Ø	Ø	Ø	Ø	Ø	Ø	Ø	Ø	Ø	Ø	Ø	Ø	Ø	a	Ø	Ø	Ø	Ø	Ø	Ø	Ø	Ø	a	648:3, 1110:1, 2382:3, 2993:1, 3265:6, 1127:1, 2929:3	blood / liver / other / person / water / what? / year
53	V	6	Ø	Ø	Ø	Ø	Ø	Ø	Ø	Ø	Ø	Ø	Ø	Ø	Ø	Ø	a	Ø	Ø	Ø	Ø	Ø	Ø	Ø	Ø	Ø	Ø	Ø	Ø	a.ɯ	a.ɯ	a.ɯ	Ø	Ø	Ø	Ø	1316:3, 1861:2, 1939:0, 2084:1, 3122:0, 714:1	salt / thin / to bite / to dig / we / wife
56	V	6	Ø	Ø	i	i	Ø	Ø	Ø	Ø	Ø	i	Ø	Ø	Ø	Ø	Ø	Ø	Ø	Ø	Ø	Ø	Ø	Ø	Ø	Ø	Ø	Ø	Ø	Ø	Ø	Ø	Ø	Ø	Ø	i	1269:3, 3012:3, 3265:4, 2834:3, 3184:5, 3517:3	eye / rope / tongue / when? / woman / year
64	V	6	Ø	Ø	i	i	Ø	Ø	Ø	Ø	Ø	iː	Ø	Ø	Ø	Ø	Ø	Ø	Ø	Ø	Ø	Ø	Ø	Ø	Ø	Ø	Ø	Ø	Ø	Ø	Ø	Ø	Ø	Ø	Ø	i	987:1, 1387:3, 1997:2, 2276:3, 2407:2, 1307:0	night / salt / see / to come / to hear / to live
124	V	6	Ø	Ø	Ø	Ø	Ø	Ø	Ø	Ø	a.e	Ø	Ø	a.i	Ø	Ø	aː	Ø	Ø	Ø	Ø	Ø	Ø	Ø	Ø	Ø	Ø	Ø	Ø	ai	ai	ai	Ø	Ø	Ø	Ø	640:5, 1618:1, 1717:0, 3403:1, 561:3, 672:0	big / dull (knife) / lake / leg / long / snake
130	V	6	Ø	Ø	Ø	Ø	a.a	Ø	Ø	Ø	Ø	Ø	Ø	Ø	a.a	Ø	Ø	Ø	o	a.a	Ø	Ø	Ø	Ø	Ø	Ø	Ø	Ø	Ø	Ø	Ø	Ø	a	a	Ø	Ø	569:1, 1267:1, 3115:1, 3613:1, 2327:1, 2918:1	father / leaf / rope / to hunt (game) / two / wife
65	V	5	Ø	Ø	Ø	Ø	Ø	Ø	Ø	Ø	Ø	Ø	Ø	Ø	Ø	Ø	o	Ø	Ø	Ø	Ø	Ø	Ø	Ø	Ø	Ø	Ø	Ø	Ø	u.i	u.i	u.i	Ø	Ø	Ø	Ø	663:1, 2605:2, 2755:1, 3022:4, 3538:0	eye / to push / to squeeze / to tie / when?
59	V	4	Ø	Ø	Ø	Ø	ɯ.ɯ	Ø	Ø	Ø	Ø	Ø	Ø	Ø	ɨ.ɨ	Ø	Ø	Ø	Ø	ɨ.ɨ	Ø	Ø	Ø	Ø	Ø	Ø	Ø	Ø	Ø	Ø	Ø	Ø	Ø	Ø	Ø	Ø	23:1, 2955:1, 3242:2, 3580:1	fat (organic substance) / fire / we / ye
61	V	4	Ø	Ø	Ø	Ø	ɯ.ɯ	Ø	Ø	Ø	Ø	Ø	Ø	Ø	ɨ	Ø	Ø	Ø	Ø	ɨ	Ø	Ø	Ø	Ø	Ø	Ø	Ø	Ø	Ø	Ø	Ø	Ø	Ø	Ø	Ø	Ø	842:3, 2747:4, 2901:7, 3413:3	bone / dust / mouth / two
74	V	4	Ø	Ø	Ø	Ø	a	Ø	Ø	Ø	Ø	Ø	Ø	a.ʔ	a	Ø	Ø	Ø	Ø	a.i	Ø	Ø	Ø	Ø	Ø	Ø	Ø	Ø	Ø	Ø	Ø	Ø	Ø	Ø	Ø	Ø	530:1, 1388:0, 2978:3, 1247:1	in / root / see / wet
71	V	3	Ø	Ø	Ø	Ø	Ø	Ø	Ø	Ø	Ø	Ø	Ø	Ø	Ø	Ø	oː	Ø	Ø	Ø	Ø	Ø	Ø	Ø	Ø	Ø	Ø	Ø	Ø	o	o	o	Ø	Ø	Ø	Ø	1020:1, 1673:4, 3312:1	day (opposite of night rather than time measure) / nose / stick (of wood)
76	V	3	Ø	Ø	Ø	Ø	ɨ.ɨ	Ø	Ø	Ø	Ø	Ø	Ø	Ø	e.e	Ø	Ø	Ø	Ø	e.e	Ø	Ø	Ø	Ø	Ø	Ø	Ø	Ø	Ø	Ø	Ø	Ø	Ø	Ø	Ø	Ø	397:1, 797:1, 2978:1	heart / mother / wet
89	V	3	Ø	Ø	o	iu	Ø	Ø	Ø	Ø	Ø	i	Ø	Ø	Ø	Ø	Ø	Ø	Ø	Ø	Ø	Ø	Ø	Ø	Ø	Ø	Ø	Ø	Ø	Ø	Ø	Ø	Ø	Ø	Ø	u	1387:5, 2276:5, 3490:5	egg / see / to hear
95	V	3	Ø	Ø	a	a	Ø	Ø	Ø	Ø	Ø	-	Ø	Ø	Ø	Ø	Ø	Ø	Ø	Ø	Ø	Ø	Ø	Ø	-	Ø	Ø	Ø	Ø	Ø	Ø	Ø	Ø	Ø	Ø	a	77:3, 1093:7, 2859:4	I / one / tooth (front rather than molar)
127	V	3	Ø	Ø	o	o	Ø	Ø	Ø	Ø	Ø	iː	Ø	Ø	Ø	Ø	Ø	Ø	Ø	Ø	Ø	Ø	Ø	Ø	Ø	Ø	Ø	Ø	Ø	Ø	Ø	Ø	Ø	Ø	Ø	u	217:3, 2570:4, 1289:1	grass / rotten (especially log) / to spit
128	V	3	Ø	Ø	Ø	Ø	i	Ø	Ø	Ø	Ø	Ø	Ø	Ø	i.i	Ø	Ø	Ø	Ø	i	i.ʔ	Ø	Ø	Ø	Ø	Ø	Ø	Ø	Ø	Ø	Ø	Ø	Ø	Ø	Ø	Ø	2901:1, 3282:1, 2720:1	to throw / two / yellow
146	V	3	Ø	Ø	aː	Ø	Ø	Ø	Ø	Ø	Ø	iː	Ø	Ø	Ø	Ø	Ø	Ø	a	Ø	Ø	Ø	Ø	Ø	Ø	Ø	Ø	Ø	Ø	Ø	Ø	Ø	a	a	Ø	ɨ	2918:6, 3061:3, 567:1	leaf / two / white
149	V	3	Ø	Ø	Ø	Ø	ɛ.ɛ	Ø	Ø	Ø	e.i	Ø	Ø	i	o	Ø	i	Ø	Ø	o	Ø	Ø	Ø	Ø	Ø	Ø	Ø	Ø	Ø	Ø	Ø	Ø	Ø	Ø	Ø	Ø	672:2, 1247:3, 2901:4	long / root / two
96	V	2	Ø	Ø	Ø	Ø	i.i	Ø	Ø	Ø	Ø	Ø	Ø	Ø	i.i	Ø	Ø	Ø	Ø	i.i	Ø	Ø	Ø	Ø	Ø	Ø	Ø	Ø	Ø	Ø	Ø	Ø	Ø	Ø	Ø	Ø	12:4, 3468:1	ashes / earth (soil)
100	V	2	Ø	Ø	Ø	Ø	ɯ.ɯ	Ø	Ø	Ø	Ø	Ø	Ø	Ø	ɨ	Ø	Ø	Ø	Ø	ɨ.ɨ	Ø	Ø	Ø	Ø	Ø	Ø	Ø	Ø	Ø	Ø	Ø	Ø	Ø	Ø	Ø	Ø	350:3, 826:2	he / mountain
102	V	2	Ø	Ø	Ø	Ø	ɨ.ɨ	Ø	Ø	Ø	Ø	Ø	Ø	Ø	e	Ø	Ø	Ø	Ø	e	Ø	Ø	Ø	Ø	Ø	Ø	Ø	Ø	Ø	Ø	Ø	Ø	Ø	Ø	Ø	Ø	569:3, 3306:4	day (opposite of night rather than time measure) / leaf
103	V	2	Ø	Ø	Ø	Ø	a	Ø	Ø	Ø	Ø	Ø	Ø	Ø	a.a	Ø	Ø	Ø	Ø	a.a	Ø	Ø	Ø	Ø	Ø	Ø	Ø	Ø	Ø	Ø	Ø	Ø	Ø	Ø	Ø	Ø	826:1, 1089:1	mountain / one
106	V	2	Ø	Ø	Ø	Ø	ɛ.ɛ	Ø	Ø	Ø	Ø	Ø	Ø	Ø	e.e	Ø	Ø	Ø	Ø	o.o	Ø	Ø	Ø	Ø	Ø	Ø	Ø	Ø	Ø	Ø	Ø	Ø	Ø	Ø	Ø	Ø	1107:4, 1210:1	here / river
108	V	2	Ø	Ø	Ø	Ø	-	Ø	Ø	Ø	Ø	Ø	Ø	Ø	i	Ø	Ø	Ø	Ø	i	Ø	Ø	Ø	Ø	Ø	Ø	Ø	Ø	Ø	Ø	Ø	Ø	Ø	Ø	Ø	Ø	1141:5, 1325:9	red / sand
109	V	2	Ø	Ø	Ø	Ø	o.o	Ø	Ø	Ø	Ø	Ø	Ø	Ø	u.u	Ø	Ø	Ø	Ø	u.u	Ø	Ø	Ø	Ø	Ø	Ø	Ø	Ø	Ø	Ø	Ø	Ø	Ø	Ø	Ø	Ø	1229:1, 1368:1	river / sea (ocean)
110	V	2	Ø	Ø	Ø	i	Ø	Ø	Ø	Ø	Ø	i	Ø	Ø	Ø	Ø	Ø	Ø	Ø	Ø	Ø	Ø	Ø	Ø	Ø	Ø	Ø	Ø	Ø	Ø	Ø	Ø	Ø	Ø	Ø	u	1387:1, 1932:3	see / to bite
111	V	2	Ø	Ø	Ø	Ø	ɛ	Ø	Ø	Ø	Ø	Ø	Ø	Ø	e	Ø	Ø	Ø	Ø	o	Ø	Ø	Ø	Ø	Ø	Ø	Ø	Ø	Ø	Ø	Ø	Ø	Ø	Ø	Ø	Ø	1498:3, 3636:6	feather (larger feathers rather than down) / sky
112	V	2	Ø	Ø	Ø	Ø	Ø	Ø	Ø	Ø	Ø	Ø	Ø	Ø	Ø	Ø	Ø	Ø	Ø	Ø	Ø	Ø	Ø	Ø	Ø	Ø	Ø	Ø	Ø	ui	ui	ui	Ø	Ø	Ø	Ø	1579:0, 3179:0	cloud / smoke (of fire)
113	V	2	Ø	Ø	Ø	i.u	Ø	Ø	Ø	Ø	Ø	i	Ø	Ø	Ø	Ø	Ø	Ø	Ø	Ø	Ø	Ø	Ø	Ø	Ø	Ø	Ø	Ø	Ø	Ø	Ø	Ø	Ø	Ø	Ø	u	1997:4, 2407:4	to come / to live
114	V	2	Ø	Ø	Ø	-	Ø	Ø	Ø	Ø	Ø	aː	Ø	Ø	Ø	Ø	Ø	Ø	Ø	Ø	Ø	Ø	Ø	Ø	Ø	Ø	Ø	Ø	Ø	Ø	Ø	Ø	Ø	Ø	Ø	a	2302:0, 2345:0	to hit / to kill
115	V	2	Ø	Ø	Ø	Ø	Ø	Ø	Ø	Ø	Ø	Ø	Ø	Ø	Ø	Ø	Ø	Ø	-	Ø	Ø	Ø	Ø	Ø	Ø	Ø	Ø	Ø	Ø	Ø	Ø	Ø	-	a	Ø	Ø	3061:7, 3360:2	dog / white
116	V	2	Ø	Ø	i	-	Ø	Ø	Ø	Ø	Ø	i	Ø	Ø	Ø	Ø	Ø	Ø	Ø	Ø	Ø	Ø	Ø	Ø	Ø	Ø	Ø	Ø	Ø	Ø	Ø	Ø	Ø	Ø	Ø	i	77:1, 2407:0	I / to live
120	V	2	Ø	Ø	Ø	Ø	Ø	Ø	Ø	Ø	Ø	Ø	Ø	Ø	Ø	Ø	oː	Ø	Ø	Ø	Ø	Ø	Ø	Ø	Ø	Ø	Ø	Ø	Ø	ɯ.i	ɯ	ɯ.i	Ø	Ø	Ø	Ø	493:0, 777:1	husband / woman
122	V	2	Ø	Ø	Ø	u	Ø	Ø	Ø	Ø	Ø	iː	Ø	a	Ø	Ø	Ø	Ø	Ø	Ø	Ø	Ø	Ø	Ø	Ø	Ø	Ø	Ø	Ø	Ø	Ø	Ø	Ø	Ø	Ø	u	2092:3, 2737:1	bone / to drink
123	V	2	Ø	Ø	Ø	Ø	Ø	Ø	Ø	Ø	Ø	Ø	Ø	Ø	Ø	Ø	oː	Ø	Ø	Ø	Ø	Ø	Ø	Ø	Ø	Ø	Ø	Ø	Ø	oː	oː	oː	Ø	Ø	Ø	Ø	3601:1, 3642:0	father / feather (larger feathers rather than down)
132	V	2	Ø	Ø	i	-	Ø	Ø	Ø	Ø	Ø	iː	Ø	Ø	Ø	Ø	Ø	Ø	Ø	Ø	Ø	Ø	Ø	Ø	a	Ø	Ø	Ø	Ø	Ø	Ø	Ø	Ø	Ø	Ø	i	423:0, 2859:0	heavy / tooth (front rather than molar)
135	V	2	Ø	Ø	Ø	Ø	Ø	Ø	Ø	Ø	Ø	Ø	Ø	Ø	Ø	Ø	ɯɯ	Ø	Ø	Ø	Ø	Ø	Ø	Ø	Ø	Ø	Ø	Ø	Ø	e	e	u.e	Ø	Ø	Ø	Ø	119:3, 1685:2	ashes / stick (of wood)
137	V	2	Ø	Ø	o	iː	Ø	Ø	Ø	Ø	Ø	a	Ø	Ø	Ø	Ø	Ø	Ø	Ø	Ø	Ø	Ø	Ø	Ø	Ø	Ø	Ø	Ø	Ø	Ø	Ø	Ø	Ø	Ø	Ø	a	423:2, 1307:2	heavy / salt
138	V	2	Ø	Ø	ia	ia	Ø	Ø	Ø	Ø	Ø	a	Ø	Ø	Ø	Ø	Ø	Ø	Ø	Ø	Ø	Ø	Ø	Ø	Ø	Ø	Ø	Ø	Ø	Ø	Ø	Ø	Ø	Ø	Ø	a	423:4, 1689:5	heavy / stone
139	V	2	Ø	Ø	Ø	Ø	Ø	Ø	Ø	Ø	Ø	Ø	Ø	Ø	Ø	Ø	-	Ø	Ø	Ø	Ø	Ø	Ø	Ø	Ø	Ø	Ø	Ø	Ø	aɯ	aɯ	aɯ	Ø	Ø	Ø	Ø	522:3, 3463:5	back (person's) / bark
140	V	2	Ø	Ø	Ø	Ø	Ø	Ø	Ø	Ø	Ø	Ø	a	Ø	Ø	Ø	Ø	Ø	a	Ø	Ø	Ø	Ø	Ø	Ø	Ø	Ø	Ø	Ø	Ø	Ø	Ø	u	-	Ø	Ø	1248:1, 3061:1	root / white
141	V	2	Ø	Ø	o	o	Ø	Ø	Ø	Ø	Ø	-	Ø	Ø	Ø	Ø	Ø	Ø	Ø	Ø	Ø	Ø	Ø	Ø	Ø	Ø	Ø	Ø	Ø	Ø	Ø	Ø	Ø	Ø	Ø	-	1269:1, 2929:1	rope / water
144	V	2	Ø	Ø	a	aː	Ø	Ø	Ø	Ø	Ø	ɨː	Ø	Ø	Ø	Ø	Ø	Ø	Ø	Ø	Ø	Ø	Ø	Ø	Ø	Ø	Ø	Ø	Ø	Ø	Ø	Ø	Ø	Ø	Ø	ai	1932:1, 3184:1	to bite / woman
147	V	2	Ø	Ø	Ø	Ø	ɛ	Ø	Ø	Ø	Ø	Ø	Ø	Ø	o	Ø	ɯ	Ø	Ø	o	Ø	Ø	Ø	Ø	Ø	Ø	Ø	Ø	Ø	e	e	e	Ø	Ø	Ø	Ø	844:2, 866:3	mouth / name
160	V	1	Ø	Ø	Ø	Ø	a	Ø	Ø	Ø	Ø	Ø	Ø	Ø	ai	Ø	Ø	Ø	Ø	ai	Ø	Ø	Ø	Ø	Ø	Ø	Ø	Ø	Ø	Ø	Ø	Ø	Ø	Ø	Ø	Ø	12:1	ashes
166	V	1	Ø	Ø	Ø	Ø	Ø	Ø	Ø	Ø	Ø	Ø	Ø	Ø	Ø	Ø	Ø	Ø	Ø	Ø	Ø	Ø	Ø	Ø	Ø	Ø	Ø	Ø	Ø	i	u	i	Ø	Ø	Ø	Ø	119:1	ashes
168	V	1	Ø	Ø	Ø	Ø	Ø	Ø	Ø	Ø	Ø	Ø	Ø	Ø	Ø	Ø	Ø	Ø	Ø	Ø	Ø	Ø	Ø	Ø	Ø	Ø	Ø	Ø	Ø	o	o	ɯ	Ø	Ø	Ø	Ø	119:5	ashes
169	V	1	Ø	Ø	Ø	Ø	Ø	Ø	Ø	Ø	Ø	Ø	Ø	Ø	Ø	Ø	Ø	Ø	Ø	Ø	Ø	Ø	Ø	Ø	Ø	Ø	Ø	Ø	Ø	ui	ui	uɯ	Ø	Ø	Ø	Ø	126:0	fog
171	V	1	Ø	Ø	Ø	Ø	aː	Ø	Ø	Ø	Ø	Ø	Ø	Ø	a.i	Ø	Ø	Ø	Ø	aː.i	Ø	Ø	Ø	Ø	Ø	Ø	Ø	Ø	Ø	Ø	Ø	Ø	Ø	Ø	Ø	Ø	133:4	foot
172	V	1	Ø	Ø	Ø	Ø	Ø	Ø	Ø	Ø	Ø	-	Ø	Ø	Ø	Ø	Ø	Ø	Ø	Ø	Ø	Ø	Ø	Ø	Ø	Ø	-	Ø	o	Ø	Ø	Ø	Ø	Ø	Ø	Ø	141:0	foot
173	V	1	Ø	Ø	Ø	Ø	Ø	Ø	Ø	Ø	Ø	ia	Ø	Ø	Ø	Ø	Ø	Ø	Ø	Ø	Ø	Ø	Ø	Ø	Ø	Ø	ia	Ø	a	Ø	Ø	Ø	Ø	Ø	Ø	Ø	141:4	foot
174	V	1	Ø	Ø	u	a	Ø	Ø	Ø	Ø	Ø	i	Ø	Ø	Ø	Ø	Ø	Ø	Ø	Ø	Ø	Ø	Ø	Ø	Ø	Ø	Ø	Ø	Ø	Ø	Ø	Ø	Ø	Ø	Ø	u	155:3	nose
175	V	1	Ø	Ø	Ø	a	Ø	Ø	Ø	Ø	Ø	a	Ø	Ø	Ø	Ø	Ø	Ø	Ø	Ø	Ø	Ø	Ø	Ø	Ø	Ø	Ø	Ø	Ø	Ø	Ø	Ø	Ø	Ø	Ø	au	217:1	grass
176	V	1	Ø	Ø	Ø	Ø	ɯ	Ø	Ø	Ø	Ø	Ø	Ø	Ø	e	Ø	Ø	Ø	Ø	e	Ø	Ø	Ø	Ø	Ø	Ø	Ø	Ø	Ø	Ø	Ø	Ø	Ø	Ø	Ø	Ø	218:5	grass
179	V	1	Ø	Ø	Ø	Ø	ɨː	Ø	Ø	Ø	Ø	Ø	Ø	Ø	e	Ø	Ø	Ø	Ø	e	Ø	Ø	Ø	Ø	Ø	Ø	Ø	Ø	Ø	Ø	Ø	Ø	Ø	Ø	Ø	Ø	302:3	hand
180	V	1	Ø	Ø	Ø	Ø	aː	Ø	Ø	Ø	Ø	Ø	Ø	Ø	a.h.aː	Ø	Ø	Ø	Ø	aː	Ø	Ø	Ø	Ø	Ø	Ø	Ø	Ø	Ø	Ø	Ø	Ø	Ø	Ø	Ø	Ø	350:0	he
182	V	1	Ø	Ø	Ø	Ø	i.i	Ø	Ø	Ø	Ø	Ø	Ø	Ø	i	Ø	Ø	Ø	Ø	i	Ø	Ø	Ø	Ø	Ø	Ø	Ø	Ø	Ø	Ø	Ø	Ø	Ø	Ø	Ø	Ø	364:1	head
195	V	1	Ø	Ø	Ø	Ø	ɯ.ʔ	Ø	Ø	Ø	Ø	Ø	Ø	Ø	ɨ	Ø	Ø	Ø	Ø	ɨ.ʔ	Ø	Ø	Ø	Ø	Ø	Ø	Ø	Ø	Ø	Ø	Ø	Ø	Ø	Ø	Ø	Ø	464:1	how
199	V	1	Ø	Ø	Ø	Ø	i.i	Ø	Ø	Ø	Ø	Ø	Ø	Ø	i	Ø	Ø	Ø	Ø	i.i	Ø	Ø	Ø	Ø	Ø	Ø	Ø	Ø	Ø	Ø	Ø	Ø	Ø	Ø	Ø	Ø	515:4	if
202	V	1	Ø	Ø	Ø	o	Ø	Ø	Ø	Ø	Ø	u	Ø	Ø	Ø	Ø	Ø	Ø	Ø	Ø	Ø	Ø	Ø	Ø	Ø	Ø	Ø	Ø	Ø	Ø	Ø	Ø	Ø	Ø	Ø	a	648:1	liver
204	V	1	Ø	Ø	Ø	Ø	i.ʔ	Ø	Ø	Ø	Ø	Ø	Ø	Ø	i	Ø	Ø	Ø	Ø	i.ʔ	Ø	Ø	Ø	Ø	Ø	Ø	Ø	Ø	Ø	Ø	Ø	Ø	Ø	Ø	Ø	Ø	649:0	liver
205	V	1	Ø	Ø	Ø	Ø	ɛ.ɛ	Ø	Ø	Ø	Ø	Ø	Ø	Ø	o	Ø	Ø	Ø	Ø	o.o	Ø	Ø	Ø	Ø	Ø	Ø	Ø	Ø	Ø	Ø	Ø	Ø	Ø	Ø	Ø	Ø	649:4	liver
209	V	1	Ø	Ø	Ø	Ø	a.a	Ø	Ø	Ø	Ø	Ø	Ø	Ø	a.a	Ø	Ø	Ø	Ø	a.a.i	Ø	Ø	Ø	Ø	Ø	Ø	Ø	Ø	Ø	Ø	Ø	Ø	Ø	Ø	Ø	Ø	695:1	louse
215	V	1	Ø	Ø	Ø	Ø	Ø	Ø	Ø	Ø	a.e	Ø	Ø	i	Ø	Ø	-	Ø	Ø	Ø	Ø	Ø	Ø	Ø	Ø	Ø	Ø	Ø	Ø	e	e	e	Ø	Ø	Ø	Ø	796:2	I
216	V	1	Ø	Ø	Ø	Ø	Ø	Ø	Ø	Ø	Ø	Ø	Ø	Ø	Ø	Ø	Ø	Ø	Ø	Ø	Ø	Ø	Ø	Ø	Ø	Ø	Ø	Ø	Ø	o.ɯ	o.ɯ	a.ɯ	Ø	Ø	Ø	Ø	807:2	ye
217	V	1	Ø	Ø	Ø	Ø	ɯ	Ø	Ø	Ø	Ø	Ø	Ø	Ø	ɨ	Ø	Ø	Ø	Ø	ɨ.ɨ	Ø	Ø	Ø	Ø	Ø	Ø	Ø	Ø	Ø	Ø	Ø	Ø	Ø	Ø	Ø	Ø	811:3	mountain
218	V	1	Ø	ʊ	Ø	Ø	Ø	Ø	Ø	Ø	Ø	Ø	Ø	Ø	Ø	Ø	Ø	Ø	Ø	Ø	Ø	Ø	ɨ	Ø	Ø	Ø	Ø	a	Ø	Ø	Ø	Ø	Ø	Ø	Ø	Ø	834:3	mouth
219	V	1	Ø	Ø	Ø	-	Ø	Ø	Ø	Ø	Ø	i	Ø	Ø	Ø	Ø	Ø	Ø	Ø	Ø	Ø	Ø	Ø	Ø	Ø	Ø	Ø	Ø	Ø	Ø	Ø	Ø	Ø	Ø	Ø	a	839:0	mouth
222	V	1	Ø	Ø	Ø	aː	Ø	Ø	Ø	Ø	Ø	u	Ø	Ø	Ø	Ø	Ø	Ø	Ø	Ø	Ø	Ø	Ø	Ø	Ø	Ø	Ø	Ø	Ø	Ø	Ø	Ø	Ø	Ø	Ø	a	839:4	mouth
224	V	1	Ø	Ø	Ø	Ø	i.ʔ	Ø	Ø	Ø	Ø	Ø	Ø	Ø	i.i	Ø	Ø	Ø	Ø	i	Ø	Ø	Ø	Ø	Ø	Ø	Ø	Ø	Ø	Ø	Ø	Ø	Ø	Ø	Ø	Ø	842:0	mouth
225	V	1	Ø	Ø	Ø	Ø	Ø	Ø	Ø	Ø	Ø	Ø	Ø	Ø	Ø	Ø	oː	Ø	Ø	Ø	Ø	Ø	Ø	Ø	Ø	Ø	Ø	Ø	Ø	u	u	u	Ø	Ø	Ø	Ø	844:1	mouth
226	V	1	Ø	Ø	Ø	aː	Ø	Ø	Ø	Ø	Ø	aː	Ø	Ø	Ø	Ø	Ø	Ø	Ø	Ø	Ø	Ø	Ø	Ø	Ø	Ø	ɨː	Ø	Ø	Ø	Ø	Ø	Ø	Ø	Ø	a	851:1	tree
228	V	1	Ø	Ø	Ø	-	Ø	Ø	Ø	Ø	Ø	-	Ø	Ø	Ø	Ø	Ø	Ø	Ø	Ø	Ø	Ø	Ø	Ø	Ø	Ø	-	Ø	Ø	Ø	Ø	Ø	Ø	Ø	Ø	u	851:3	tree
234	V	1	Ø	Ø	Ø	Ø	ɛ	Ø	Ø	Ø	Ø	Ø	Ø	Ø	n	Ø	Ø	Ø	Ø	o	Ø	Ø	Ø	Ø	Ø	Ø	Ø	Ø	Ø	Ø	Ø	Ø	Ø	Ø	Ø	Ø	970:5	new
235	V	1	Ø	Ø	Ø	Ø	-	Ø	Ø	Ø	Ø	Ø	Ø	Ø	o	Ø	Ø	Ø	Ø	-	Ø	Ø	Ø	Ø	Ø	Ø	Ø	Ø	Ø	Ø	Ø	Ø	Ø	Ø	Ø	Ø	970:6	new
237	V	1	Ø	Ø	Ø	u	Ø	Ø	Ø	Ø	Ø	a	Ø	Ø	Ø	Ø	Ø	Ø	Ø	Ø	Ø	Ø	Ø	Ø	Ø	Ø	Ø	Ø	Ø	Ø	Ø	Ø	Ø	Ø	Ø	a	987:3	night
239	V	1	Ø	Ø	Ø	a	Ø	Ø	Ø	Ø	Ø	i	Ø	Ø	Ø	Ø	Ø	Ø	Ø	Ø	Ø	Ø	Ø	Ø	Ø	Ø	Ø	Ø	Ø	Ø	Ø	Ø	Ø	Ø	Ø	-	987:5	night
240	V	1	Ø	Ø	Ø	Ø	ɛ	Ø	Ø	Ø	Ø	Ø	Ø	Ø	u	Ø	Ø	Ø	Ø	o	Ø	Ø	Ø	Ø	Ø	Ø	Ø	Ø	Ø	Ø	Ø	Ø	Ø	Ø	Ø	Ø	988:1	night
242	V	1	Ø	Ø	Ø	Ø	Ø	Ø	Ø	Ø	Ø	Ø	Ø	Ø	Ø	Ø	Ø	Ø	i	Ø	Ø	Ø	Ø	Ø	Ø	Ø	Ø	Ø	Ø	Ø	Ø	Ø	-	i	Ø	Ø	1022:0	nose
243	V	1	Ø	Ø	Ø	Ø	Ø	Ø	Ø	Ø	Ø	Ø	Ø	Ø	Ø	Ø	Ø	Ø	e	Ø	Ø	Ø	Ø	Ø	Ø	Ø	Ø	Ø	Ø	Ø	Ø	Ø	u	i	Ø	Ø	1022:2	nose
245	V	1	Ø	Ø	Ø	Ø	Ø	Ø	Ø	Ø	Ø	Ø	Ø	Ø	Ø	Ø	Ø	Ø	o	Ø	Ø	Ø	Ø	Ø	Ø	Ø	Ø	Ø	Ø	Ø	Ø	Ø	u.u	-	Ø	Ø	1022:4	nose
249	V	1	Ø	Ø	Ø	Ø	a.a	Ø	Ø	Ø	Ø	Ø	Ø	Ø	a	Ø	Ø	Ø	Ø	a	Ø	Ø	Ø	Ø	Ø	Ø	Ø	Ø	Ø	Ø	Ø	Ø	Ø	Ø	Ø	Ø	1040:3	not
250	V	1	Ø	Ø	Ø	Ø	Ø	Ø	Ø	Ø	Ø	Ø	Ø	Ø	Ø	Ø	Ø	Ø	Ø	Ø	Ø	Ø	Ø	Ø	Ø	Ø	Ø	Ø	Ø	a	a	-	Ø	Ø	Ø	Ø	1055:3	not
254	V	1	Ø	Ø	Ø	Ø	ɛ.ɛ	Ø	Ø	Ø	Ø	Ø	Ø	Ø	o.o	Ø	Ø	Ø	Ø	o.o	Ø	Ø	Ø	Ø	Ø	Ø	Ø	Ø	Ø	Ø	Ø	Ø	Ø	Ø	Ø	Ø	1082:1	old
257	V	1	Ø	Ø	Ø	i	Ø	Ø	Ø	Ø	Ø	uː	Ø	Ø	Ø	Ø	Ø	Ø	Ø	Ø	Ø	Ø	Ø	Ø	Ø	Ø	Ø	Ø	Ø	Ø	Ø	Ø	Ø	Ø	Ø	u	1093:1	one
258	V	1	Ø	Ø	Ø	iː	Ø	Ø	Ø	Ø	Ø	iː	Ø	Ø	Ø	Ø	Ø	Ø	Ø	Ø	Ø	Ø	Ø	Ø	Ø	Ø	Ø	Ø	Ø	Ø	Ø	Ø	Ø	Ø	Ø	a	1093:3	one
260	V	1	Ø	Ø	Ø	i	Ø	Ø	Ø	Ø	Ø	a	Ø	Ø	Ø	Ø	Ø	Ø	Ø	Ø	Ø	Ø	Ø	Ø	Ø	Ø	Ø	Ø	Ø	Ø	Ø	Ø	Ø	Ø	Ø	ɨ	1093:5	one
263	V	1	Ø	Ø	Ø	Ø	Ø	Ø	Ø	Ø	Ø	Ø	Ø	Ø	Ø	Ø	Ø	Ø	Ø	Ø	Ø	Ø	Ø	Ø	Ø	Ø	Ø	Ø	Ø	ɯ	ɯ	ɯː	Ø	Ø	Ø	Ø	1120:3	other
267	V	1	Ø	Ø	Ø	Ø	Ø	Ø	Ø	Ø	Ø	Ø	Ø	Ø	Ø	Ø	Ø	Ø	Ø	Ø	Ø	Ø	Ø	Ø	Ø	Ø	Ø	Ø	Ø	a.ɯ	a.i	a.ɯ	Ø	Ø	Ø	Ø	1133:1	say
276	V	1	Ø	Ø	Ø	o	Ø	Ø	Ø	Ø	Ø	au	Ø	Ø	Ø	Ø	Ø	Ø	Ø	Ø	Ø	Ø	Ø	Ø	Ø	Ø	Ø	Ø	Ø	Ø	Ø	Ø	Ø	Ø	Ø	au	1269:5	rope
278	V	1	Ø	Ø	a	ɨː	Ø	Ø	Ø	Ø	Ø	Ø	Ø	Ø	Ø	Ø	Ø	Ø	Ø	Ø	Ø	Ø	Ø	Ø	Ø	Ø	Ø	Ø	Ø	Ø	Ø	Ø	Ø	Ø	Ø	a	1289:3	rotten (especially log)
281	V	1	Ø	Ø	Ø	Ø	ɛ	Ø	Ø	Ø	Ø	Ø	Ø	Ø	ɨ	Ø	Ø	Ø	Ø	-	Ø	Ø	Ø	Ø	Ø	Ø	Ø	Ø	Ø	Ø	Ø	Ø	Ø	Ø	Ø	Ø	1325:1	sand
283	V	1	Ø	Ø	Ø	Ø	ɯː	Ø	Ø	Ø	Ø	Ø	Ø	Ø	ɨ	Ø	Ø	Ø	Ø	ɨ	Ø	Ø	Ø	Ø	Ø	Ø	Ø	Ø	Ø	Ø	Ø	Ø	Ø	Ø	Ø	Ø	1325:6	sand
285	V	1	Ø	Ø	Ø	Ø	Ø	Ø	Ø	Ø	Ø	Ø	Ø	Ø	Ø	Ø	-	Ø	Ø	Ø	Ø	Ø	Ø	Ø	Ø	Ø	Ø	Ø	Ø	Ø	a.i	a.i	Ø	Ø	Ø	Ø	1369:5	sea (ocean)
291	V	1	Ø	Ø	Ø	uɨ	Ø	Ø	Ø	Ø	Ø	ɨː	Ø	Ø	Ø	Ø	Ø	Ø	Ø	Ø	Ø	Ø	Ø	Ø	Ø	Ø	Ø	Ø	Ø	Ø	Ø	Ø	Ø	Ø	Ø	ɨ	1523:3	sleep
294	V	1	Ø	Ø	Ø	Ø	Ø	Ø	Ø	Ø	Ø	Ø	Ø	Ø	Ø	Ø	Ø	Ø	Ø	Ø	Ø	Ø	Ø	Ø	Ø	Ø	Ø	Ø	Ø	ɯː	ɯ.h.ɯ	ɯː	Ø	Ø	Ø	Ø	1600:1	smooth
295	V	1	Ø	Ø	Ø	Ø	iː	Ø	Ø	Ø	Ø	Ø	Ø	Ø	h.iː	Ø	Ø	Ø	Ø	h.iː	Ø	Ø	Ø	Ø	Ø	Ø	Ø	Ø	Ø	Ø	Ø	Ø	Ø	Ø	Ø	Ø	1607:0	snake
297	V	1	Ø	Ø	Ø	Ø	Ø	Ø	Ø	Ø	Ø	Ø	Ø	Ø	Ø	Ø	o.ʔ	Ø	Ø	Ø	Ø	Ø	Ø	Ø	Ø	Ø	Ø	Ø	Ø	u	u	u	Ø	Ø	Ø	Ø	1653:0	star
298	V	1	Ø	Ø	Ø	Ø	Ø	Ø	Ø	Ø	Ø	Ø	Ø	Ø	Ø	Ø	oː.ʔ	Ø	Ø	Ø	Ø	Ø	Ø	Ø	Ø	Ø	Ø	Ø	Ø	u	u	u	Ø	Ø	Ø	Ø	1653:2	star
299	V	1	Ø	Ø	Ø	Ø	Ø	Ø	Ø	Ø	Ø	Ø	Ø	Ø	Ø	Ø	o	Ø	Ø	Ø	Ø	Ø	Ø	Ø	Ø	Ø	Ø	Ø	Ø	u	u	o	Ø	Ø	Ø	Ø	1653:5	star
300	V	1	Ø	Ø	Ø	Ø	ɛ	Ø	Ø	Ø	Ø	Ø	Ø	Ø	eː	Ø	Ø	Ø	Ø	oː	Ø	Ø	Ø	Ø	Ø	Ø	Ø	Ø	Ø	Ø	Ø	Ø	Ø	Ø	Ø	Ø	1669:2	stick (of wood)
301	V	1	Ø	Ø	Ø	Ø	ɛ.i	Ø	Ø	Ø	Ø	Ø	Ø	Ø	i	Ø	Ø	Ø	Ø	i	Ø	Ø	Ø	Ø	Ø	Ø	Ø	Ø	Ø	Ø	Ø	Ø	Ø	Ø	Ø	Ø	1669:5	stick (of wood)
303	V	1	Ø	Ø	Ø	Ø	Ø	Ø	Ø	Ø	Ø	Ø	Ø	Ø	Ø	Ø	o	Ø	Ø	Ø	Ø	Ø	Ø	Ø	Ø	Ø	Ø	Ø	Ø	i	i	i	Ø	Ø	Ø	Ø	1673:6	stick (of wood)
305	V	1	Ø	Ø	a	-	Ø	Ø	Ø	Ø	Ø	-	Ø	Ø	Ø	Ø	Ø	Ø	Ø	Ø	Ø	Ø	Ø	Ø	Ø	Ø	Ø	Ø	Ø	Ø	Ø	Ø	Ø	Ø	Ø	Ø	1689:1	stone
306	V	1	Ø	Ø	ai	aː	Ø	Ø	Ø	Ø	Ø	a.w.i	Ø	Ø	Ø	Ø	Ø	Ø	Ø	Ø	Ø	Ø	Ø	Ø	Ø	Ø	Ø	Ø	Ø	Ø	Ø	Ø	Ø	Ø	Ø	Ø	1689:3	stone
313	V	1	Ø	Ø	Ø	Ø	ɛː	Ø	Ø	Ø	Ø	Ø	Ø	Ø	oː	Ø	Ø	Ø	Ø	oː	Ø	Ø	Ø	Ø	Ø	Ø	Ø	Ø	Ø	Ø	Ø	Ø	Ø	Ø	Ø	Ø	1794:0	there
317	V	1	Ø	Ø	Ø	a	Ø	Ø	Ø	Ø	Ø	aː	Ø	Ø	Ø	Ø	Ø	Ø	Ø	Ø	Ø	Ø	Ø	Ø	Ø	Ø	Ø	Ø	Ø	Ø	Ø	Ø	Ø	Ø	Ø	a.h.a	1886:1	thou
319	V	1	Ø	Ø	Ø	u	Ø	Ø	Ø	Ø	Ø	-	Ø	Ø	Ø	Ø	Ø	Ø	Ø	Ø	Ø	Ø	Ø	Ø	Ø	Ø	Ø	Ø	Ø	Ø	Ø	Ø	Ø	Ø	Ø	-	1932:4	to bite
320	V	1	Ø	Ø	Ø	Ø	ɨ.ʔ	Ø	Ø	Ø	Ø	Ø	Ø	Ø	e.e	Ø	Ø	Ø	Ø	e.e.ʔ	Ø	Ø	Ø	Ø	Ø	Ø	Ø	Ø	Ø	Ø	Ø	Ø	Ø	Ø	Ø	Ø	1933:0	to bite
321	V	1	Ø	ɨ.a	Ø	Ø	Ø	Ø	Ø	Ø	Ø	Ø	Ø	Ø	Ø	Ø	Ø	Ø	Ø	Ø	Ø	Ø	a	Ø	Ø	Ø	Ø	a	Ø	Ø	Ø	Ø	Ø	Ø	Ø	Ø	2070:5	black
325	V	1	Ø	Ø	Ø	Ø	o.o	Ø	Ø	Ø	Ø	Ø	Ø	Ø	u	Ø	Ø	Ø	Ø	u	Ø	Ø	Ø	Ø	Ø	Ø	Ø	Ø	Ø	Ø	Ø	Ø	Ø	Ø	Ø	Ø	2119:3	to eat
326	V	1	Ø	Ø	Ø	Ø	Ø	Ø	Ø	Ø	Ø	Ø	Ø	Ø	Ø	Ø	Ø	Ø	Ø	Ø	Ø	Ø	Ø	Ø	Ø	Ø	Ø	Ø	Ø	eː	eː	eː	Ø	Ø	Ø	Ø	2233:1	to fly
327	V	1	Ø	Ø	Ø	o	Ø	Ø	Ø	Ø	Ø	uː	Ø	Ø	Ø	Ø	Ø	Ø	Ø	Ø	Ø	Ø	Ø	Ø	Ø	Ø	Ø	Ø	Ø	Ø	Ø	Ø	Ø	Ø	Ø	a	2276:1	to hear
328	V	1	Ø	Ø	Ø	Ø	ɛ.ɛ	Ø	Ø	Ø	Ø	Ø	Ø	Ø	u.u	Ø	Ø	Ø	Ø	o.o	Ø	Ø	Ø	Ø	Ø	Ø	Ø	Ø	Ø	Ø	Ø	Ø	Ø	Ø	Ø	Ø	2277:1	to hear
329	V	1	Ø	Ø	Ø	Ø	Ø	Ø	i	Ø	Ø	Ø	Ø	Ø	Ø	Ø	Ø	Ø	Ø	Ø	Ø	Ø	-	-	Ø	Ø	Ø	Ø	Ø	Ø	Ø	Ø	Ø	Ø	Ø	Ø	2295:4	to hit
331	V	1	Ø	Ø	Ø	i	Ø	Ø	Ø	Ø	Ø	uː	Ø	Ø	Ø	Ø	Ø	Ø	Ø	Ø	Ø	Ø	Ø	Ø	Ø	Ø	Ø	Ø	Ø	Ø	Ø	Ø	Ø	Ø	Ø	i	2302:2	to hit
332	V	1	Ø	Ø	Ø	-	Ø	Ø	Ø	Ø	Ø	i	Ø	Ø	Ø	Ø	Ø	Ø	Ø	Ø	Ø	Ø	Ø	Ø	Ø	Ø	Ø	Ø	Ø	Ø	Ø	Ø	Ø	Ø	Ø	u	2302:4	to hit
333	V	1	Ø	Ø	Ø	o	Ø	Ø	Ø	Ø	Ø	uː	Ø	Ø	Ø	Ø	Ø	Ø	Ø	Ø	Ø	Ø	Ø	Ø	Ø	Ø	Ø	Ø	Ø	Ø	Ø	Ø	Ø	Ø	Ø	u	2345:2	to kill
334	V	1	Ø	Ø	Ø	Ø	Ø	Ø	Ø	Ø	Ø	Ø	Ø	Ø	Ø	Ø	Ø	Ø	Ø	Ø	Ø	Ø	Ø	Ø	Ø	Ø	Ø	Ø	Ø	e.i	e.i	e.i	Ø	Ø	Ø	Ø	2360:1	to kill
335	V	1	Ø	Ø	Ø	Ø	Ø	Ø	Ø	Ø	Ø	Ø	Ø	Ø	Ø	Ø	Ø	Ø	Ø	Ø	Ø	Ø	Ø	Ø	Ø	Ø	Ø	Ø	Ø	o	u.i	o	Ø	Ø	Ø	Ø	2371:0	to know (facts)
340	V	1	Ø	Ø	Ø	Ø	Ø	Ø	Ø	Ø	Ø	Ø	Ø	Ø	Ø	Ø	Ø	Ø	Ø	Ø	Ø	Ø	Ø	Ø	Ø	Ø	Ø	Ø	Ø	aː	a.h.e	aː	Ø	Ø	Ø	Ø	2423:1	to live
342	V	1	Ø	Ø	Ø	io	Ø	Ø	Ø	Ø	Ø	uː	Ø	Ø	Ø	Ø	Ø	Ø	Ø	Ø	Ø	Ø	Ø	Ø	Ø	Ø	Ø	Ø	Ø	Ø	Ø	Ø	Ø	Ø	Ø	u	2570:2	to spit
343	V	1	Ø	Ø	Ø	u	Ø	Ø	Ø	Ø	Ø	i	Ø	Ø	Ø	Ø	Ø	Ø	Ø	Ø	Ø	Ø	Ø	Ø	Ø	Ø	Ø	Ø	Ø	Ø	Ø	Ø	Ø	Ø	Ø	o	2570:6	to spit
345	V	1	Ø	Ø	Ø	Ø	Ø	Ø	Ø	Ø	Ø	Ø	Ø	Ø	Ø	Ø	Ø	Ø	Ø	Ø	Ø	Ø	Ø	Ø	Ø	Ø	Ø	Ø	Ø	ɯː	ɯː	ɯː	Ø	Ø	Ø	Ø	2690:0	to swim
348	V	1	Ø	Ø	i	i	Ø	Ø	Ø	Ø	Ø	ɨː	Ø	Ø	Ø	Ø	Ø	Ø	Ø	Ø	Ø	Ø	Ø	Ø	Ø	Ø	Ø	Ø	Ø	Ø	Ø	Ø	Ø	Ø	Ø	Ø	2834:1	tongue
351	V	1	Ø	Ø	Ø	Ø	i.ʔ	Ø	Ø	Ø	Ø	Ø	Ø	Ø	iː	Ø	Ø	Ø	Ø	i.ʔ	Ø	Ø	Ø	Ø	Ø	Ø	Ø	Ø	Ø	Ø	Ø	Ø	Ø	Ø	Ø	Ø	2860:0	tooth (front rather than molar)
353	V	1	Ø	Ø	Ø	Ø	ɨː	Ø	Ø	Ø	Ø	Ø	Ø	Ø	i	Ø	Ø	Ø	Ø	i	Ø	Ø	Ø	Ø	Ø	Ø	Ø	Ø	Ø	Ø	Ø	Ø	Ø	Ø	Ø	Ø	2860:4	tooth (front rather than molar)
357	V	1	Ø	Ø	Ø	Ø	Ø	Ø	Ø	Ø	Ø	Ø	Ø	Ø	Ø	Ø	Ø	Ø	o	Ø	Ø	Ø	Ø	Ø	Ø	Ø	Ø	Ø	Ø	Ø	Ø	Ø	-	-	Ø	Ø	2918:3	two
358	V	1	Ø	Ø	Ø	Ø	Ø	Ø	Ø	Ø	Ø	Ø	Ø	Ø	Ø	Ø	Ø	Ø	i	Ø	Ø	Ø	Ø	Ø	Ø	Ø	Ø	Ø	Ø	Ø	Ø	Ø	-	-	Ø	Ø	2918:4	two
364	V	1	Ø	Ø	Ø	Ø	Ø	Ø	Ø	Ø	Ø	Ø	Ø	Ø	Ø	Ø	Ø	Ø	Ø	Ø	Ø	Ø	Ø	Ø	Ø	Ø	Ø	Ø	Ø	a.ɯ	ɯ	a.ɯ	Ø	Ø	Ø	Ø	2947:1	water
365	V	1	Ø	Ø	Ø	Ø	Ø	Ø	Ø	Ø	Ø	Ø	Ø	Ø	Ø	Ø	Ø	Ø	Ø	Ø	Ø	Ø	Ø	Ø	Ø	Ø	Ø	Ø	Ø	o.i	u.i	o.i	Ø	Ø	Ø	Ø	2947:3	water
367	V	1	Ø	Ø	Ø	aː	Ø	Ø	Ø	Ø	Ø	aː	Ø	Ø	Ø	Ø	Ø	Ø	Ø	Ø	Ø	Ø	Ø	Ø	Ø	Ø	Ø	Ø	Ø	Ø	Ø	Ø	Ø	Ø	Ø	a.k.a	2993:3	what?
374	V	1	Ø	Ø	Ø	Ø	Ø	Ø	Ø	Ø	Ø	Ø	Ø	Ø	Ø	Ø	Ø	Ø	e	Ø	Ø	Ø	Ø	Ø	Ø	Ø	Ø	Ø	Ø	Ø	Ø	Ø	i	e	Ø	Ø	3061:5	white
377	V	1	Ø	Ø	Ø	a	Ø	Ø	Ø	Ø	Ø	a	Ø	Ø	Ø	Ø	Ø	Ø	Ø	Ø	-	Ø	Ø	Ø	Ø	Ø	Ø	Ø	Ø	Ø	Ø	Ø	Ø	Ø	Ø	a	3073:5	who?
379	V	1	Ø	Ø	Ø	-	Ø	Ø	Ø	Ø	Ø	-	Ø	Ø	Ø	Ø	Ø	Ø	Ø	Ø	-	Ø	Ø	Ø	Ø	Ø	Ø	Ø	Ø	Ø	Ø	Ø	Ø	Ø	Ø	ɨ	3073:7	who?
382	V	1	Ø	-	Ø	Ø	Ø	Ø	Ø	Ø	Ø	Ø	Ø	Ø	Ø	Ø	Ø	a	Ø	Ø	Ø	Ø	-	Ø	Ø	Ø	Ø	-	Ø	Ø	Ø	Ø	Ø	Ø	Ø	Ø	3113:5	wife
383	V	1	Ø	Ø	Ø	Ø	Ø	Ø	Ø	Ø	Ø	Ø	Ø	Ø	Ø	Ø	Ø	Ø	Ø	Ø	Ø	Ø	Ø	Ø	Ø	Ø	Ø	Ø	Ø	o	o	o.ɯ	Ø	Ø	Ø	Ø	3145:5	wind
389	V	1	Ø	Ø	Ø	Ø	ɯ	Ø	Ø	Ø	Ø	Ø	Ø	Ø	ɨ	Ø	Ø	Ø	Ø	-	Ø	Ø	Ø	Ø	Ø	Ø	Ø	Ø	Ø	Ø	Ø	Ø	Ø	Ø	Ø	Ø	3229:3	worm
391	V	1	Ø	Ø	Ø	Ø	Ø	Ø	Ø	Ø	Ø	Ø	Ø	Ø	Ø	Ø	Ø	Ø	Ø	Ø	Ø	Ø	Ø	Ø	Ø	Ø	Ø	Ø	Ø	ɯ	ɯ	aɯ	Ø	Ø	Ø	Ø	3258:2	ye
395	V	1	Ø	Ø	Ø	Ø	Ø	Ø	Ø	Ø	Ø	Ø	Ø	Ø	Ø	Ø	o.ʔ	Ø	Ø	Ø	Ø	Ø	Ø	Ø	Ø	Ø	Ø	Ø	Ø	ɯ	ɯ	ɯ	Ø	Ø	Ø	Ø	3357:1	dog
398	V	1	Ø	Ø	Ø	Ø	Ø	Ø	-	Ø	Ø	Ø	Ø	Ø	Ø	Ø	Ø	Ø	Ø	Ø	Ø	-	Ø	Ø	Ø	Ø	ɨ	Ø	Ø	Ø	Ø	Ø	Ø	Ø	Ø	Ø	3372:3	I
399	V	1	Ø	Ø	Ø	Ø	ɯ.ʔ	Ø	Ø	Ø	Ø	Ø	Ø	Ø	ɨ.ɨ	Ø	Ø	Ø	Ø	ɨ.ɨ.ʔ	Ø	Ø	Ø	Ø	Ø	Ø	Ø	Ø	Ø	Ø	Ø	Ø	Ø	Ø	Ø	Ø	3395:1	dull (knife)
400	V	1	Ø	Ø	Ø	Ø	i	Ø	Ø	Ø	Ø	Ø	Ø	Ø	i	Ø	Ø	Ø	Ø	i.i	Ø	Ø	Ø	Ø	Ø	Ø	Ø	Ø	Ø	Ø	Ø	Ø	Ø	Ø	Ø	Ø	3413:1	dust
402	V	1	Ø	Ø	o	iu	Ø	Ø	Ø	Ø	Ø	-	Ø	Ø	Ø	Ø	Ø	Ø	Ø	Ø	Ø	Ø	Ø	Ø	Ø	Ø	Ø	Ø	Ø	Ø	Ø	Ø	Ø	Ø	Ø	-	3490:1	egg
404	V	1	Ø	Ø	i	iu	Ø	Ø	Ø	Ø	Ø	aː	Ø	Ø	Ø	Ø	Ø	Ø	Ø	Ø	Ø	Ø	Ø	Ø	Ø	Ø	Ø	Ø	Ø	Ø	Ø	Ø	Ø	Ø	Ø	i	3490:3	egg
408	V	1	Ø	Ø	Ø	Ø	a	Ø	Ø	Ø	Ø	Ø	Ø	Ø	a.a	Ø	Ø	Ø	Ø	a	Ø	Ø	Ø	Ø	Ø	Ø	Ø	Ø	Ø	Ø	Ø	Ø	Ø	Ø	Ø	Ø	3519:1	eye
411	V	1	Ø	Ø	Ø	Ø	Ø	Ø	Ø	Ø	Ø	Ø	Ø	Ø	Ø	Ø	ɯː	Ø	Ø	Ø	Ø	Ø	Ø	Ø	Ø	Ø	Ø	Ø	Ø	ɯ	ɯ	ɯ	Ø	Ø	Ø	Ø	3538:2	eye
413	V	1	Ø	-	Ø	Ø	Ø	Ø	Ø	Ø	Ø	Ø	Ø	Ø	Ø	Ø	Ø	Ø	Ø	Ø	Ø	Ø	-	Ø	Ø	Ø	Ø	a	Ø	Ø	Ø	Ø	Ø	Ø	Ø	Ø	3576:7	sea (ocean)
417	V	1	Ø	Ø	Ø	Ø	ɨ.ʔ	Ø	Ø	Ø	Ø	Ø	Ø	Ø	i	Ø	Ø	Ø	Ø	i	Ø	Ø	Ø	Ø	Ø	Ø	Ø	Ø	Ø	Ø	Ø	Ø	Ø	Ø	Ø	Ø	3636:0	feather (larger feathers rather than down)
418	V	1	Ø	Ø	Ø	Ø	ɨ	Ø	Ø	Ø	Ø	Ø	Ø	Ø	e.e	Ø	Ø	Ø	Ø	e.e	Ø	Ø	Ø	Ø	Ø	Ø	Ø	Ø	Ø	Ø	Ø	Ø	Ø	Ø	Ø	Ø	3636:3	feather (larger feathers rather than down)
81	V	2	uː	ʊː	Ø	Ø	Ø	Ø	Ø	Ø	Ø	Ø	Ø	Ø	Ø	Ø	Ø	Ø	Ø	Ø	Ø	Ø	uː	Ø	Ø	Ø	Ø	uː	Ø	Ø	Ø	Ø	Ø	Ø	Ø	Ø	362:1, 1560:1	big / head
251	V	1	uː	uː	Ø	Ø	Ø	Ø	Ø	Ø	Ø	Ø	Ø	Ø	Ø	Ø	Ø	Ø	Ø	Ø	Ø	Ø	uː	Ø	Ø	Ø	Ø	uː	Ø	Ø	Ø	Ø	Ø	Ø	Ø	Ø	1077:1	old
419	V	1	uː	ʊ	Ø	Ø	Ø	Ø	Ø	Ø	Ø	Ø	Ø	Ø	Ø	Ø	Ø	Ø	Ø	Ø	Ø	Ø	Ø	Ø	Ø	Ø	Ø	u	Ø	Ø	Ø	Ø	Ø	Ø	Ø	Ø	3649:3	ashes
14	V	44	u	ʊ	Ø	Ø	Ø	oː	o	Ø	Ø	Ø	Ø	i	Ø	Ø	e	Ø	-	Ø	iː	u	u	Ø	Ø	u	Ø	u	Ø	e	e	e	e	e	Ø	Ø	385:1, 385:4, 438:1, 566:1, 1010:1, 1447:1, 1709:3, 1759:0, 1759:2, 2374:1, 2735:0, 2735:2, 2880:1, 2928:1, 3011:3, 3183:1, 3240:2, 3294:4, 3431:1, 3466:1, 3489:1, 3505:1, 3550:1, 1182:0, 1182:3, 1822:4, 2070:1, 2070:3, 3092:1, 120:1, 1487:1, 1566:1, 2924:1, 216:1, 732:1, 1286:5, 3649:1, 3044:1, 3044:3, 97:4, 365:1, 3028:1, 1046:1, 2918:9	animal / ashes / back (person's) / black / blood / bone / cloud / ear / earth (soil) / egg / flower / fog / grass / head / here / leaf / many / nose / not / right (hand) / rotten (especially log) / short / skin (person's) / smoke (of fire) / straight / tail / thick / tree / two / warm (of weather) / water / when? / where? / white / woman / ye / yellow
70	V	17	u	ʊː	Ø	-	i	Ø	Ø	Ø	Ø	ɨː	Ø	Ø	i	Ø	Ø	Ø	Ø	i	i	Ø	u	Ø	Ø	Ø	Ø	u	Ø	Ø	Ø	Ø	Ø	Ø	Ø	-	662:0, 662:2, 695:3, 1107:1, 1107:7, 1111:1, 1111:4, 1210:4, 1498:1, 1582:1, 1607:3, 2678:0, 2678:2, 3266:1, 3613:3, 1866:1, 3073:3	bad (deleterious or unsuitable) / big / father / here / louse / other / river / sky / snake / this / to swim / who? / year
37	V	11	u	u	Ø	Ø	Ø	Ø	Ø	Ø	o	Ø	Ø	e	Ø	Ø	-	i	Ø	Ø	Ø	Ø	u	Ø	Ø	Ø	Ø	u	Ø	Ø	Ø	Ø	Ø	Ø	Ø	Ø	264:3, 461:2, 625:3, 820:1, 934:1, 1668:1, 2959:0, 1842:5, 3113:1, 3546:4, 672:4	animal / child (young person rather than as relationship term) / guts / how / leg / long / mountain / neck / stick (of wood) / thin / wife
118	V	2	u	u	Ø	Ø	Ø	Ø	Ø	Ø	Ø	Ø	Ø	Ø	Ø	Ø	Ø	Ø	Ø	Ø	Ø	Ø	a	Ø	Ø	Ø	Ø	u	Ø	Ø	Ø	Ø	Ø	Ø	Ø	Ø	235:1, 528:1	at / in
152	V	2	u	ʊ	Ø	Ø	Ø	o	o	Ø	Ø	Ø	Ø	Ø	Ø	Ø	Ø	Ø	Ø	Ø	Ø	u	Ø	Ø	Ø	Ø	Ø	u	Ø	Ø	Ø	Ø	Ø	Ø	Ø	Ø	365:3, 3625:1	feather (larger feathers rather than down) / head
178	V	1	u	ʊ	Ø	Ø	Ø	Ø	Ø	Ø	Ø	Ø	Ø	Ø	Ø	Ø	Ø	Ø	Ø	Ø	Ø	Ø	ɨ	Ø	Ø	Ø	Ø	ɨ	Ø	Ø	Ø	Ø	Ø	Ø	Ø	Ø	300:0	hand
230	V	1	u	u	Ø	Ø	Ø	Ø	Ø	Ø	Ø	Ø	Ø	Ø	Ø	Ø	Ø	Ø	Ø	Ø	Ø	Ø	u	Ø	Ø	Ø	Ø	ɨ	Ø	Ø	Ø	Ø	Ø	Ø	Ø	Ø	934:4	neck
292	V	1	u	Ø	Ø	Ø	Ø	Ø	Ø	Ø	Ø	Ø	Ø	Ø	Ø	Ø	Ø	Ø	Ø	Ø	Ø	Ø	u.i	Ø	Ø	Ø	Ø	u.i	Ø	Ø	Ø	Ø	Ø	Ø	Ø	Ø	1566:3	smoke (of fire)
311	V	1	u	ʊ	Ø	Ø	Ø	i	Ø	Ø	Ø	Ø	Ø	Ø	Ø	Ø	Ø	Ø	Ø	Ø	Ø	Ø	u	i	Ø	Ø	iː	u	Ø	Ø	Ø	Ø	Ø	Ø	Ø	Ø	1777:2	that
366	V	1	iː	iː	Ø	Ø	Ø	Ø	Ø	Ø	Ø	Ø	Ø	Ø	Ø	Ø	Ø	Ø	Ø	Ø	Ø	Ø	iː	Ø	Ø	Ø	Ø	iː	Ø	Ø	Ø	Ø	Ø	Ø	Ø	Ø	2954:0	we
406	V	1	iː	iː	Ø	Ø	Ø	Ø	Ø	Ø	Ø	Ø	Ø	Ø	Ø	Ø	Ø	Ø	Ø	Ø	Ø	Ø	i	Ø	Ø	Ø	Ø	iː	Ø	Ø	Ø	Ø	Ø	Ø	Ø	Ø	3516:1	eye
22	V	37	i	i	Ø	Ø	iː	Ø	ɨ	Ø	Ø	Ø	Ø	Ø	iː	Ø	Ø	Ø	Ø	iː	Ø	ə	i	Ø	Ø	Ø	Ø	i	Ø	Ø	Ø	Ø	-	Ø	e	Ø	1:1, 438:3, 1010:3, 1087:3, 1087:5, 1109:1, 1109:3, 1235:1, 1668:3, 1792:3, 2833:0, 2880:3, 2899:1, 2928:3, 2959:2, 2991:3, 3170:2, 3213:0, 3431:3, 3489:3, 3505:4, 120:6, 1322:2, 1322:4, 1606:3, 1826:6, 422:1, 422:3, 3092:6, 3514:1, 3514:4, 270:0, 1264:3, 1809:1, 2840:3, 3028:3, 353:1	I / animal / bird / child (young person rather than as relationship term) / cloud / ear / egg / fog / hair / he / heavy / here / nose / one / other / road (or trail) / rope / sand / snake / stick (of wood) / there / they / tongue / tree / two / water / what? / where? / with (accompanying) / woods
154	V	4	i	i.i	e	Ø	Ø	Ø	Ø	Ø	Ø	ɨ	Ø	Ø	Ø	Ø	Ø	Ø	e	Ø	Ø	Ø	i.i	Ø	Ø	Ø	Ø	i	Ø	Ø	Ø	Ø	i	i	a	ɨ	3360:1, 3360:4, 343:1, 567:3	dog / he / leaf
85	V	2	i	i	Ø	Ø	Ø	Ø	Ø	Ø	Ø	Ø	Ø	Ø	Ø	Ø	Ø	Ø	Ø	Ø	Ø	Ø	-	Ø	Ø	Ø	Ø	i	Ø	Ø	Ø	Ø	Ø	Ø	Ø	Ø	1709:5, 1851:3	all (of a number) / straight
151	V	2	i	Ø	Ø	Ø	Ø	Ø	Ø	Ø	Ø	Ø	i	Ø	Ø	Ø	Ø	Ø	a	Ø	Ø	Ø	i	Ø	Ø	Ø	Ø	iː	Ø	Ø	Ø	Ø	i	Ø	Ø	Ø	18:1, 1248:3	fire / root
187	V	1	i	ɨ	Ø	Ø	Ø	Ø	Ø	Ø	Ø	Ø	Ø	Ø	Ø	Ø	Ø	Ø	Ø	Ø	Ø	Ø	ɨ	Ø	Ø	Ø	Ø	ɨ	Ø	Ø	Ø	Ø	Ø	Ø	Ø	Ø	395:2	heart
188	V	1	i	ɛi	Ø	Ø	Ø	Ø	Ø	Ø	Ø	Ø	Ø	Ø	Ø	Ø	Ø	Ø	Ø	Ø	Ø	Ø	e.i	Ø	Ø	Ø	Ø	a.i	Ø	Ø	Ø	Ø	Ø	Ø	Ø	Ø	395:6	heart
191	V	1	i	u	Ø	Ø	Ø	Ø	Ø	Ø	Ø	Ø	Ø	Ø	Ø	Ø	Ø	Ø	Ø	Ø	Ø	Ø	i	Ø	Ø	Ø	Ø	i	Ø	Ø	Ø	Ø	Ø	Ø	Ø	Ø	461:0	how
236	V	1	i	i	Ø	Ø	Ø	Ø	i.ʔ	Ø	Ø	Ø	Ø	Ø	Ø	Ø	Ø	Ø	Ø	Ø	Ø	Ø	i	Ø	Ø	Ø	Ø	i	Ø	Ø	Ø	Ø	Ø	Ø	Ø	Ø	986:3	night
256	V	1	i	a	Ø	Ø	Ø	Ø	Ø	Ø	Ø	Ø	Ø	Ø	Ø	Ø	Ø	Ø	Ø	Ø	Ø	Ø	i	Ø	Ø	Ø	Ø	i	Ø	Ø	Ø	Ø	Ø	Ø	Ø	Ø	1087:1	one
268	V	1	i	ʊ	Ø	Ø	Ø	Ø	Ø	Ø	Ø	Ø	Ø	Ø	Ø	Ø	Ø	Ø	Ø	Ø	Ø	Ø	i	Ø	Ø	Ø	Ø	u	Ø	Ø	Ø	Ø	Ø	Ø	Ø	Ø	1137:6	red
314	V	1	i	Ø	Ø	Ø	Ø	i.j.a	Ø	Ø	Ø	Ø	Ø	Ø	Ø	Ø	Ø	Ø	Ø	Ø	Ø	Ø	iː	Ø	Ø	Ø	Ø	Ø	Ø	Ø	Ø	Ø	Ø	Ø	Ø	Ø	1808:1	they
369	V	1	i	i	Ø	Ø	Ø	Ø	Ø	Ø	Ø	Ø	Ø	Ø	Ø	Ø	Ø	Ø	Ø	Ø	Ø	Ø	ei	Ø	Ø	Ø	Ø	-	Ø	Ø	Ø	Ø	Ø	Ø	Ø	Ø	3011:5	when?
158	V	5	aː	a	Ø	Ø	Ø	Ø	ɨ	Ø	e	Ø	Ø	Ø	Ø	a	Ø	Ø	Ø	Ø	Ø	i	a	ɨ	Ø	a	Ø	a	Ø	Ø	Ø	Ø	Ø	Ø	e	Ø	216:3, 1728:3, 2295:2, 2840:1, 3559:4	far / grass / sun / to hit / tongue
121	V	2	aː	a.j.a	Ø	Ø	Ø	Ø	Ø	Ø	Ø	Ø	Ø	Ø	Ø	Ø	Ø	Ø	Ø	Ø	Ø	Ø	aː	Ø	Ø	Ø	Ø	aː	Ø	Ø	Ø	Ø	Ø	Ø	Ø	Ø	863:1, 1642:1	name / star
231	V	1	aː	ə.ɨ	Ø	Ø	Ø	Ø	Ø	Ø	Ø	Ø	Ø	Ø	Ø	Ø	Ø	Ø	Ø	Ø	Ø	Ø	a.ɨ	Ø	Ø	Ø	Ø	a.ɨ	Ø	Ø	Ø	Ø	Ø	Ø	Ø	Ø	936:1	bark
394	V	1	aː	a	Ø	Ø	Ø	Ø	Ø	Ø	Ø	Ø	Ø	Ø	Ø	Ø	Ø	Ø	Ø	Ø	Ø	Ø	Ø	Ø	Ø	Ø	Ø	aː	Ø	Ø	Ø	Ø	Ø	Ø	Ø	Ø	3345:3	dog
277	V	1	a.u	o.ʊ	Ø	Ø	Ø	Ø	Ø	Ø	Ø	Ø	Ø	Ø	Ø	Ø	Ø	Ø	Ø	Ø	Ø	Ø	Ø	Ø	Ø	Ø	Ø	a.u	Ø	Ø	Ø	Ø	Ø	Ø	Ø	Ø	1286:1	rotten (especially log)
129	V	5	a.i	ɛ.i	Ø	Ø	Ø	Ø	Ø	u.i	Ø	Ø	i	Ø	Ø	Ø	Ø	Ø	Ø	Ø	e	Ø	e.i	Ø	Ø	Ø	Ø	a.i	Ø	Ø	Ø	Ø	Ø	Ø	Ø	Ø	1495:3, 2833:2, 721:0, 2856:2, 2857:1	man (male human) / sky / tongue / tooth (front rather than molar)
264	V	1	a.i	ə.ɨ	Ø	Ø	Ø	Ø	Ø	Ø	Ø	Ø	Ø	Ø	Ø	Ø	Ø	Ø	Ø	Ø	Ø	Ø	a.ɨ	Ø	Ø	Ø	Ø	Ø	Ø	Ø	Ø	Ø	Ø	Ø	Ø	Ø	1123:0	person
9	V	107	a	a	Ø	Ø	ɛ	Ø	a	Ø	Ø	Ø	Ø	ɨ	o	i	aː	a	Ø	o	Ø	a	a	a	Ø	a	Ø	a	Ø	oɯ	o	o	Ø	Ø	-	Ø	49:1, 49:3, 131:1, 241:1, 264:0, 566:3, 602:3, 625:1, 647:0, 647:2, 664:2, 664:5, 693:3, 758:1, 758:3, 820:3, 1077:4, 1137:1, 1137:3, 1224:1, 1234:1, 1234:4, 1235:4, 1447:3, 1495:1, 1688:1, 1688:3, 1851:1, 1885:0, 2374:4, 2899:3, 2941:3, 2991:1, 3071:1, 3091:1, 3091:7, 3129:1, 3152:1, 3152:3, 3170:1, 3183:3, 3213:2, 3227:0, 3227:2, 3240:0, 3294:1, 3466:4, 3512:0, 3512:3, 120:3, 721:3, 1207:3, 1244:1, 1244:4, 1322:1, 1487:3, 1606:1, 1826:1, 1826:3, 1822:1, 1822:7, 3092:3, 3302:1, 3302:3, 3576:1, 3576:3, 967:1, 967:3, 967:6, 1264:1, 1842:1, 1842:3, 732:2, 732:4, 1901:1, 1901:4, 3345:1, 3605:1, 3605:3, 97:1, 512:1, 986:1, 1809:4, 2295:0, 2840:6, 3113:3, 3546:1, 3559:1, 353:4, 530:3, 662:8, 970:1, 1082:3, 1089:4, 1141:8, 1582:6, 1607:6, 1711:6, 1711:9, 1794:3, 2884:2, 2884:5, 2978:6, 3395:12, 866:1, 1369:1, 3258:4	all (of a number) / animal / bad (deleterious or unsuitable) / because / belly / big / bird / blood / cloud / day (opposite of night rather than time measure) / dog / dull (knife) / earth (soil) / far / father / fish / flower / fog / foot / green / guts / he / if / in / leaf / left (hand) / leg / liver / long / louse / man (male human) / many / meat (flesh) / mountain / name / new / night / old / one / red / river / road (or trail) / root / rope / sand / sea (ocean) / short / skin (person's) / sky / snake / stone / straight / there / they / thick / thin / thou / three / to hit / tongue / tree / two / water / wet / what? / who? / wide / wife / wind / wing / with (accompanying) / woman / woods / worm / ye / yellow
27	V	35	a	a	a	a	Ø	Ø	a	Ø	Ø	a	Ø	Ø	Ø	Ø	Ø	Ø	Ø	Ø	eː	ə	a	Ø	a	Ø	a	a	Ø	Ø	Ø	Ø	Ø	Ø	Ø	a	217:5, 648:5, 1110:3, 1266:1, 1266:3, 1266:5, 1269:7, 1523:1, 1568:2, 1568:4, 1568:6, 2092:1, 2382:1, 2382:5, 3012:1, 3265:2, 155:1, 155:5, 363:2, 363:4, 694:3, 694:5, 694:7, 3517:1, 3517:5, 2929:5, 3627:1, 3627:3, 851:5, 1127:3, 1307:4, 2859:2, 3073:1, 3372:1, 270:3	I / belly / blood / eye / feather (larger feathers rather than down) / grass / hair / head / liver / louse / nose / other / person / rope / salt / sleep / smoke (of fire) / to drink / tooth (front rather than molar) / tree / water / when? / who? / year
247	V	1	a	a	Ø	Ø	Ø	Ø	Ø	Ø	Ø	Ø	Ø	Ø	Ø	Ø	Ø	Ø	Ø	Ø	Ø	Ø	-	Ø	Ø	Ø	Ø	a	Ø	Ø	Ø	Ø	Ø	Ø	Ø	Ø	1038:1	not
287	V	1	a	-	Ø	Ø	Ø	Ø	Ø	Ø	Ø	Ø	Ø	Ø	Ø	Ø	Ø	Ø	Ø	Ø	Ø	Ø	a	Ø	Ø	Ø	Ø	-	Ø	Ø	Ø	Ø	Ø	Ø	Ø	Ø	1447:5	short
312	V	1	a	a	Ø	Ø	Ø	Ø	Ø	Ø	Ø	Ø	Ø	Ø	Ø	Ø	Ø	Ø	Ø	Ø	Ø	Ø	-	Ø	Ø	Ø	Ø	-	Ø	Ø	Ø	Ø	Ø	Ø	Ø	Ø	1792:0	there
318	V	1	a	ʊ	Ø	Ø	Ø	Ø	Ø	Ø	Ø	Ø	Ø	Ø	Ø	Ø	Ø	Ø	Ø	Ø	Ø	Ø	Ø	Ø	Ø	Ø	Ø	u	Ø	Ø	Ø	Ø	Ø	Ø	Ø	Ø	1901:6	three
368	V	1	a	a	Ø	Ø	Ø	Ø	Ø	Ø	Ø	Ø	Ø	Ø	Ø	Ø	Ø	Ø	Ø	Ø	Ø	Ø	u	Ø	Ø	Ø	Ø	u	Ø	Ø	Ø	Ø	Ø	Ø	Ø	Ø	3011:1	when?
380	V	1	a	a	Ø	Ø	Ø	Ø	Ø	Ø	Ø	Ø	Ø	Ø	Ø	Ø	Ø	Ø	Ø	Ø	Ø	Ø	aː	Ø	Ø	Ø	Ø	a	Ø	Ø	Ø	Ø	Ø	Ø	Ø	Ø	3091:4	wide
15	V	50	-	-	Ø	Ø	Ø	Ø	Ø	Ø	a	Ø	Ø	Ø	Ø	Ø	a	Ø	Ø	Ø	Ø	Ø	-	Ø	Ø	Ø	Ø	-	Ø	a	a	a	Ø	Ø	Ø	Ø	100:1, 100:5, 593:4, 640:2, 663:4, 685:0, 704:5, 867:1, 922:1, 1055:1, 1078:7, 1120:2, 1160:2, 1218:3, 1259:1, 1259:5, 1280:3, 1283:1, 1304:1, 1504:3, 1672:1, 1672:4, 1752:5, 1832:3, 2284:1, 2284:3, 2562:1, 2592:4, 2641:1, 2712:8, 2712:10, 2732:4, 2755:3, 2917:3, 2952:1, 2952:3, 3177:3, 3235:0, 3292:3, 3388:1, 3568:0, 1673:1, 2882:0, 2882:5, 525:1, 3312:3, 1685:0, 1685:4, 992:1, 1728:0	all (of a number) / day (opposite of night rather than time measure) / dry (substance) / far / flower / leg / long / louse / name / near / night / not / old / one / other / red / river / root / rope / rotten (especially log) / sky / stick (of wood) / sun / there / thick / to cut / to hear / to push / to smell (perceive odor) / to split / to think / to throw / to tie / tree / two / with (accompanying) / worm / yellow
49	V	16	-	Ø	Ø	Ø	o	Ø	Ø	Ø	Ø	Ø	Ø	Ø	u	Ø	Ø	Ø	Ø	u	o	Ø	-	Ø	Ø	Ø	Ø	-	Ø	Ø	Ø	Ø	Ø	Ø	Ø	Ø	73:4, 121:1, 218:1, 218:3, 302:1, 695:6, 988:4, 1011:7, 1933:2, 2094:2, 2277:3, 2930:6, 3306:1, 3306:2, 2720:3, 2856:0	day (opposite of night rather than time measure) / five / fog / grass / hand / louse / night / nose / to bite / to drink / to hear / to throw / tooth (front rather than molar) / water
55	V	4	-	-	Ø	Ø	Ø	Ø	Ø	Ø	Ø	Ø	Ø	Ø	Ø	Ø	Ø	Ø	Ø	Ø	Ø	Ø	ɨ	Ø	Ø	Ø	Ø	-	Ø	Ø	Ø	Ø	Ø	Ø	Ø	Ø	264:5, 300:4, 647:4, 1487:5	guts / hand / liver / skin (person's)
82	V	2	-	ɨ	Ø	Ø	Ø	Ø	Ø	Ø	Ø	Ø	Ø	Ø	Ø	Ø	Ø	Ø	Ø	Ø	Ø	Ø	-	Ø	Ø	Ø	Ø	ɨ	Ø	Ø	Ø	Ø	Ø	Ø	Ø	Ø	936:3, 3240:4	bark / ye
84	V	2	-	ʊ	Ø	Ø	Ø	Ø	Ø	Ø	Ø	Ø	Ø	Ø	Ø	Ø	Ø	Ø	Ø	Ø	Ø	Ø	u	Ø	Ø	Ø	Ø	u	Ø	Ø	Ø	Ø	Ø	Ø	Ø	Ø	1709:1, 1792:2	straight / there
119	V	2	-	-	Ø	Ø	Ø	Ø	Ø	Ø	Ø	Ø	Ø	Ø	Ø	Ø	Ø	Ø	Ø	Ø	Ø	Ø	a	Ø	Ø	Ø	Ø	a	Ø	Ø	Ø	Ø	Ø	Ø	Ø	Ø	362:3, 732:6	head / many
186	V	1	-	a	Ø	Ø	Ø	Ø	Ø	Ø	Ø	Ø	Ø	Ø	Ø	Ø	Ø	Ø	Ø	Ø	Ø	Ø	a	Ø	Ø	Ø	Ø	a	Ø	Ø	Ø	Ø	Ø	Ø	Ø	Ø	395:0	heart
194	V	1	-	a	Ø	Ø	Ø	Ø	Ø	Ø	Ø	Ø	Ø	Ø	Ø	Ø	Ø	Ø	Ø	Ø	Ø	Ø	-	Ø	Ø	Ø	Ø	a	Ø	Ø	Ø	Ø	Ø	Ø	Ø	Ø	461:5	how
252	V	1	-	u	Ø	Ø	Ø	Ø	Ø	Ø	Ø	Ø	Ø	Ø	Ø	Ø	Ø	Ø	Ø	Ø	Ø	Ø	-	Ø	Ø	Ø	Ø	-	Ø	Ø	Ø	Ø	Ø	Ø	Ø	Ø	1077:6	old
253	V	1	-	i	Ø	Ø	Ø	Ø	Ø	Ø	Ø	Ø	Ø	Ø	Ø	Ø	Ø	Ø	Ø	Ø	Ø	Ø	-	Ø	Ø	Ø	Ø	i	Ø	Ø	Ø	Ø	Ø	Ø	Ø	Ø	1077:8	old
265	V	1	-	-	Ø	Ø	Ø	Ø	Ø	Ø	Ø	Ø	Ø	Ø	Ø	Ø	Ø	Ø	Ø	Ø	Ø	Ø	u	Ø	Ø	Ø	Ø	Ø	Ø	Ø	Ø	Ø	Ø	Ø	Ø	Ø	1123:3	person
310	V	1	-	a	Ø	Ø	Ø	i	Ø	Ø	Ø	Ø	Ø	Ø	Ø	Ø	Ø	Ø	Ø	Ø	Ø	Ø	-	-	Ø	Ø	-	-	Ø	Ø	Ø	Ø	Ø	Ø	Ø	Ø	1777:0	that
384	V	1	-	ɨ	Ø	Ø	Ø	Ø	Ø	Ø	Ø	Ø	Ø	Ø	Ø	Ø	Ø	Ø	Ø	Ø	Ø	Ø	ɨ	Ø	Ø	Ø	Ø	-	Ø	Ø	Ø	Ø	Ø	Ø	Ø	Ø	3152:5	wing
125	C	4	ʃ	ʃ	Ø	Ø	Ø	Ø	-	Ø	Ø	Ø	Ø	Ø	Ø	Ø	Ø	Ø	Ø	Ø	Ø	ˀk	ʃˀ	Ø	Ø	Ø	Ø	ʃ	Ø	Ø	Ø	Ø	Ø	Ø	ts	Ø	1851:2, 3431:4, 270:4, 2840:4	all (of a number) / ear / hair / tongue
94	C	2	ʃ	ʃ	Ø	Ø	Ø	Ø	ʃ	Ø	Ø	Ø	Ø	Ø	Ø	Ø	Ø	Ø	Ø	Ø	Ø	Ø	ʃ	Ø	Ø	Ø	Ø	ʃ	Ø	Ø	Ø	Ø	Ø	Ø	Ø	Ø	721:1, 986:2	man (male human) / night
43	C	12	ŋ	ŋ	Ø	Ø	Ø	Ø	n	Ø	Ø	Ø	Ø	-	Ø	Ø	Ø	Ø	Ø	Ø	Ø	n	ŋ	Ø	Ø	Ø	Ø	n	Ø	Ø	Ø	Ø	Ø	Ø	Ø	Ø	192:2, 758:4, 3091:2, 3294:2, 3466:2, 120:4, 721:4, 1244:2, 3092:4, 3514:2, 97:2, 3546:2	animal / bird / cloud / earth (soil) / flower / fog / good / man (male human) / meat (flesh) / root / wide / yellow
5	C	50	Ø	Ø	Ø	Ø	Ø	Ø	Ø	Ø	ʔ	Ø	Ø	Ø	Ø	Ø	tʲ	Ø	Ø	Ø	Ø	Ø	Ø	Ø	Ø	Ø	Ø	Ø	Ø	d	d	d	Ø	Ø	Ø	Ø	259:8, 431:6, 593:6, 640:1, 663:6, 1055:0, 1160:8, 1301:5, 1304:5, 1407:4, 1444:6, 1536:4, 1600:6, 1672:3, 1832:2, 1832:9, 1861:4, 1939:4, 2233:3, 2263:8, 2284:5, 2391:0, 2423:3, 2453:5, 2521:6, 2562:5, 2592:6, 2603:4, 2605:1, 2605:4, 2641:3, 2690:2, 2712:12, 2732:6, 2755:5, 2783:6, 2815:5, 2874:4, 3022:6, 3069:7, 3177:0, 3292:8, 3388:8, 3403:6, 3642:4, 1020:0, 1653:4, 1673:3, 511:3, 525:0	back (person's) / black / blood / dry (substance) / dull (knife) / feather (larger feathers rather than down) / green / heavy / leg / nose / not / one / red / rotten (especially log) / see / sharp (as knife) / sleep / smooth / star / stick (of wood) / there / thick / thin / to bite / to cut / to fly / to hear / to live / to pull / to push / to sew / to smell (perceive odor) / to split / to squeeze / to swim / to think / to throw / to tie / to vomit / to wash / tooth (front rather than molar) / when? / white / with (accompanying) / yellow
7	C	29	Ø	Ø	Ø	Ø	Ø	Ø	Ø	Ø	Ø	Ø	Ø	Ø	Ø	Ø	ʔ	Ø	Ø	Ø	Ø	Ø	Ø	Ø	Ø	Ø	Ø	Ø	Ø	ɾ	r	ɾ	Ø	Ø	Ø	Ø	259:5, 431:3, 539:1, 595:0, 640:6, 685:1, 777:0, 922:6, 1078:3, 1160:5, 1283:0, 1301:0, 1444:3, 1600:0, 1600:3, 1672:0, 2084:0, 2263:5, 2540:0, 3022:3, 3069:4, 3145:2, 3292:2, 3292:5, 3388:5, 3463:4, 3568:1, 522:2, 561:2	back (person's) / bark / black / dry (substance) / far / green / heavy / in / lake / leg / long / near / old / red / rope / rotten (especially log) / sharp (as knife) / smooth / stick (of wood) / to dig / to eat / to sing / when? / white / wind / woman / yellow
11	C	23	Ø	Ø	Ø	Ø	Ø	Ø	Ø	Ø	Ø	Ø	Ø	Ø	Ø	Ø	h	Ø	Ø	Ø	Ø	Ø	Ø	Ø	Ø	Ø	Ø	Ø	Ø	h	h	h	Ø	Ø	Ø	Ø	119:0, 542:0, 593:0, 1120:0, 1160:0, 1259:0, 1342:0, 1444:0, 1618:0, 1752:0, 1832:0, 2263:0, 2562:0, 2641:0, 2815:0, 2947:0, 3145:0, 3403:0, 3454:0, 3503:0, 561:0, 3357:0, 522:0	ashes / back (person's) / belly / black / dog / dull (knife) / ear / egg / in / lake / other / red / root / sharp (as knife) / snake / sun / there / thick / to cut / to smell (perceive odor) / to wash / water / wind
18	C	23	Ø	Ø	Ø	Ø	Ø	Ø	Ø	Ø	n	Ø	Ø	Ø	Ø	Ø	n	Ø	Ø	Ø	Ø	Ø	Ø	Ø	Ø	Ø	Ø	Ø	Ø	n	n	n	Ø	Ø	Ø	Ø	308:1, 922:3, 1218:4, 1259:4, 1504:2, 1536:1, 1703:0, 1939:1, 2360:2, 2453:2, 2755:2, 2917:2, 2947:2, 2952:0, 2952:2, 3022:0, 3041:0, 3041:3, 3042:0, 3042:3, 3403:3, 493:1, 992:0	all (of a number) / dull (knife) / hand / husband / near / night / river / root / sky / sleep / stone / to bite / to kill / to pull / to tie / two / water / when? / where?
28	C	22	Ø	Ø	Ø	Ø	Ø	Ø	Ø	Ø	m	Ø	Ø	m	Ø	Ø	-	Ø	Ø	Ø	Ø	Ø	Ø	Ø	Ø	Ø	Ø	Ø	Ø	m	m	m	Ø	Ø	Ø	Ø	259:0, 268:0, 409:2, 431:0, 535:0, 704:4, 807:1, 867:0, 867:2, 981:2, 1055:2, 1078:6, 1218:2, 1504:0, 1752:4, 2360:0, 2603:1, 2712:2, 2917:0, 3258:1, 511:1, 672:3	at / back (person's) / green / heart / heavy / in / long / louse / name / new / not / old / river / sky / sun / to kill / to squeeze / to think / two / ye
38	C	21	Ø	Ø	Ø	Ø	m	Ø	Ø	Ø	Ø	Ø	Ø	Ø	m	Ø	m	Ø	Ø	m	Ø	Ø	Ø	Ø	Ø	Ø	Ø	Ø	Ø	m	m	m	Ø	Ø	Ø	Ø	218:4, 464:0, 569:2, 662:1, 1082:2, 1229:0, 1368:0, 1388:3, 1582:0, 1645:0, 1669:1, 2119:0, 2884:1, 2901:0, 2955:0, 3171:0, 3242:1, 866:0, 1369:0, 3312:0, 3601:0	bad (deleterious or unsuitable) / big / day (opposite of night rather than time measure) / father / grass / how / leaf / name / old / river / sea (ocean) / see / star / stick (of wood) / to eat / tree / two / we / with (accompanying) / ye
44	C	18	Ø	Ø	n	n	Ø	Ø	-	Ø	Ø	n	Ø	Ø	Ø	Ø	Ø	Ø	Ø	Ø	n	n	Ø	Ø	Ø	Ø	n	Ø	Ø	Ø	Ø	Ø	Ø	Ø	Ø	n	987:0, 1093:0, 1387:0, 1523:4, 1568:1, 1997:1, 2092:4, 2345:3, 2570:5, 155:0, 363:1, 694:4, 3517:0, 851:0, 851:4, 2834:0, 3073:2, 3372:2	I / eye / head / louse / night / nose / one / see / sleep / smoke (of fire) / to come / to drink / to kill / to spit / tongue / tree / who?
16	C	14	Ø	Ø	Ø	Ø	n	Ø	Ø	Ø	Ø	Ø	Ø	Ø	n	Ø	Ø	Ø	Ø	n	Ø	Ø	Ø	Ø	Ø	Ø	Ø	Ø	Ø	Ø	Ø	Ø	Ø	Ø	Ø	Ø	350:2, 364:0, 649:3, 662:7, 1089:3, 1325:0, 1498:0, 1582:5, 1733:0, 1794:2, 2930:0, 3395:11, 3613:2, 3636:5	bad (deleterious or unsuitable) / big / dull (knife) / father / feather (larger feathers rather than down) / he / head / liver / one / sand / sky / sun / there / water
17	C	14	Ø	Ø	Ø	Ø	Ø	Ø	Ø	Ø	Ø	Ø	Ø	Ø	Ø	Ø	Ø	Ø	Ø	Ø	Ø	Ø	Ø	Ø	Ø	Ø	Ø	Ø	Ø	t	t	ɗ	Ø	Ø	Ø	Ø	593:3, 595:3, 663:3, 1055:6, 1752:2, 2012:3, 2084:3, 2213:0, 2213:3, 2263:2, 2360:5, 2540:3, 2592:3, 2732:3	black / not / sun / to come / to cut / to dig / to eat / to flow / to kill / to push / to sing / to split / to throw
26	C	13	Ø	Ø	Ø	Ø	Ø	Ø	Ø	Ø	Ø	Ø	Ø	Ø	Ø	Ø	ɸ	Ø	Ø	Ø	Ø	Ø	Ø	Ø	Ø	Ø	Ø	Ø	Ø	ɸ	ɸ	p	Ø	Ø	Ø	Ø	100:2, 542:2, 1301:2, 1703:2, 2233:0, 2521:3, 2712:7, 2852:2, 3145:4, 3388:2, 3454:2, 844:0, 1020:3	dry (substance) / ear / flower / in / mouth / nose / rotten (especially log) / stone / to fly / to sew / to think / tongue / wind
24	C	10	Ø	Ø	Ø	Ø	kʷ	Ø	Ø	Ø	Ø	Ø	Ø	Ø	g	Ø	Ø	Ø	Ø	g	Ø	Ø	Ø	Ø	Ø	Ø	Ø	Ø	Ø	Ø	Ø	Ø	Ø	Ø	Ø	Ø	23:5, 364:2, 649:1, 695:0, 811:0, 1267:0, 1325:2, 1524:2, 1645:8, 2860:1	fire / head / liver / louse / mountain / rope / sand / sleep / star / tooth (front rather than molar)
25	C	10	Ø	Ø	Ø	Ø	ʔ	Ø	Ø	Ø	Ø	Ø	Ø	Ø	ʔ	Ø	Ø	Ø	Ø	ʔ	Ø	Ø	Ø	Ø	Ø	Ø	Ø	Ø	Ø	Ø	Ø	Ø	Ø	Ø	Ø	Ø	73:3, 133:3, 970:2, 1011:6, 1040:2, 1210:3, 1325:7, 1669:4, 2884:4, 2955:2	five / foot / new / nose / not / river / sand / stick (of wood) / tree / we
36	C	9	Ø	Ø	Ø	Ø	Ø	Ø	Ø	Ø	Ø	Ø	Ø	Ø	Ø	Ø	ɸ	Ø	Ø	Ø	Ø	Ø	Ø	Ø	Ø	Ø	Ø	Ø	Ø	θ	θ	t	Ø	Ø	Ø	Ø	100:0, 119:2, 1304:0, 1316:2, 2453:0, 2874:1, 3069:1, 3388:0, 1673:5	ashes / dry (substance) / flower / rotten (especially log) / salt / stick (of wood) / to pull / tooth (front rather than molar) / white
39	C	9	Ø	Ø	Ø	Ø	tʰ	Ø	Ø	Ø	Ø	Ø	Ø	Ø	t	Ø	Ø	Ø	Ø	t	Ø	Ø	Ø	Ø	Ø	Ø	Ø	Ø	Ø	Ø	Ø	Ø	d	Ø	Ø	Ø	487:0, 1011:0, 1041:0, 1141:0, 1210:0, 1711:3, 3115:0, 3395:8, 2327:0	dull (knife) / husband / nose / not / red / river / straight / to hunt (game) / wife
31	C	8	Ø	Ø	Ø	Ø	kʰ	Ø	Ø	Ø	Ø	Ø	Ø	Ø	k	Ø	Ø	Ø	Ø	k	Ø	Ø	Ø	Ø	Ø	Ø	Ø	Ø	Ø	Ø	Ø	Ø	Ø	Ø	Ø	Ø	23:0, 988:3, 1082:0, 1524:0, 1645:3, 2747:3, 3306:0, 3613:0	bone / day (opposite of night rather than time measure) / father / fire / night / old / sleep / star
42	C	8	Ø	Ø	Ø	Ø	Ø	Ø	Ø	Ø	Ø	Ø	Ø	Ø	Ø	Ø	b	Ø	Ø	Ø	Ø	Ø	Ø	Ø	Ø	Ø	Ø	Ø	Ø	b	b	b	Ø	Ø	Ø	Ø	704:1, 1304:2, 1342:2, 2012:0, 2592:0, 2732:0, 3292:0, 3081:0	belly / louse / rotten (especially log) / to come / to split / to throw / who? / yellow
47	C	8	Ø	Ø	Ø	Ø	Ø	Ø	Ø	Ø	Ø	Ø	Ø	Ø	Ø	Ø	-	Ø	Ø	Ø	Ø	Ø	Ø	Ø	Ø	Ø	Ø	Ø	Ø	dʒ	dʒ	dʒ	Ø	Ø	Ø	Ø	126:1, 1579:2, 1717:1, 1861:0, 2562:2, 3108:1, 3179:1, 1369:4	big / cloud / fog / sea (ocean) / smoke (of fire) / thin / to smell (perceive odor) / wide
69	C	7	Ø	Ø	m	m	Ø	Ø	Ø	Ø	Ø	m	Ø	Ø	Ø	Ø	Ø	Ø	Ø	Ø	Ø	Ø	Ø	Ø	Ø	Ø	Ø	Ø	Ø	Ø	Ø	Ø	w	Ø	Ø	m	1523:0, 2345:1, 3265:1, 567:2, 1289:0, 3184:0, 3517:2	eye / leaf / rotten (especially log) / sleep / to kill / woman / year
92	C	7	Ø	Ø	h	h	Ø	Ø	Ø	Ø	Ø	h	Ø	Ø	Ø	Ø	Ø	Ø	Ø	Ø	Ø	Ø	Ø	Ø	Ø	Ø	h	Ø	w	Ø	Ø	Ø	Ø	Ø	Ø	h	1689:4, 3184:4, 3627:2, 648:4, 1568:3, 141:3, 155:2	feather (larger feathers rather than down) / foot / liver / nose / smoke (of fire) / stone / woman
40	C	6	Ø	Ø	Ø	Ø	tsʰ	Ø	Ø	Ø	Ø	Ø	Ø	Ø	s	Ø	Ø	Ø	Ø	ts	Ø	Ø	Ø	Ø	Ø	Ø	Ø	Ø	Ø	Ø	Ø	Ø	Ø	Ø	Ø	Ø	218:0, 797:0, 1089:0, 1111:0, 1711:0, 3395:0	dull (knife) / grass / mother / one / other / straight
41	C	6	Ø	Ø	Ø	n	Ø	Ø	Ø	Ø	Ø	n	Ø	Ø	Ø	Ø	Ø	Ø	Ø	Ø	Ø	Ø	Ø	Ø	Ø	Ø	Ø	Ø	Ø	Ø	Ø	Ø	Ø	Ø	Ø	ɲ	423:1, 1387:4, 1932:2, 1997:3, 2276:4, 2407:3	heavy / see / to bite / to come / to hear / to live
63	C	6	Ø	Ø	Ø	Ø	pʰ	Ø	Ø	Ø	Ø	Ø	Ø	Ø	ɸ	Ø	Ø	Ø	Ø	p	p	Ø	Ø	Ø	Ø	Ø	Ø	Ø	Ø	Ø	Ø	Ø	Ø	Ø	Ø	Ø	530:0, 988:0, 2978:0, 2978:2, 3266:0, 2720:0	in / night / to throw / wet / year
50	C	5	Ø	Ø	Ø	Ø	Ø	Ø	Ø	Ø	Ø	Ø	Ø	Ø	Ø	Ø	Ø	Ø	Ø	Ø	Ø	Ø	Ø	Ø	Ø	Ø	Ø	Ø	Ø	g	g	g	Ø	Ø	Ø	Ø	1280:2, 3177:2, 3463:2, 3503:3, 3642:1	bark / egg / feather (larger feathers rather than down) / rope / with (accompanying)
134	C	5	Ø	Ø	Ø	Ø	β	Ø	Ø	Ø	Ø	Ø	Ø	Ø	β	Ø	Ø	Ø	p	β	Ø	Ø	Ø	Ø	Ø	Ø	Ø	Ø	Ø	Ø	Ø	Ø	p	-	Ø	Ø	239:0, 1711:8, 3395:5, 2327:2, 3061:0	at / dull (knife) / straight / to hunt (game) / white
57	C	4	Ø	Ø	Ø	Ø	tʃ	Ø	Ø	Ø	Ø	Ø	Ø	Ø	g	Ø	Ø	Ø	Ø	g	Ø	Ø	Ø	Ø	Ø	Ø	Ø	Ø	Ø	Ø	Ø	Ø	Ø	Ø	Ø	Ø	12:3, 2277:0, 3282:0, 3413:0	ashes / dust / to hear / yellow
58	C	4	Ø	Ø	Ø	Ø	hʲ	Ø	Ø	Ø	Ø	Ø	Ø	Ø	h	Ø	Ø	Ø	Ø	h	Ø	Ø	Ø	Ø	Ø	Ø	Ø	Ø	Ø	Ø	Ø	Ø	Ø	Ø	Ø	Ø	12:5, 515:5, 842:2, 3413:2	ashes / dust / if / mouth
60	C	4	Ø	Ø	Ø	Ø	-	Ø	Ø	Ø	Ø	Ø	Ø	Ø	h	Ø	Ø	Ø	Ø	h	Ø	Ø	Ø	Ø	Ø	Ø	Ø	Ø	Ø	Ø	Ø	Ø	Ø	Ø	Ø	Ø	397:0, 1107:0, 3229:0, 3468:0	earth (soil) / heart / here / worm
62	C	4	Ø	Ø	Ø	Ø	ɲ	Ø	Ø	Ø	Ø	Ø	Ø	Ø	n	Ø	Ø	Ø	Ø	n	Ø	Ø	Ø	Ø	Ø	Ø	Ø	Ø	Ø	Ø	Ø	Ø	Ø	Ø	Ø	Ø	1107:3, 1607:2, 2901:3, 3468:2	earth (soil) / here / snake / two
86	C	4	Ø	Ø	kʷ	kʷ	Ø	Ø	Ø	Ø	Ø	k	Ø	Ø	Ø	Ø	Ø	Ø	Ø	Ø	Ø	Ø	Ø	Ø	Ø	Ø	Ø	Ø	Ø	Ø	Ø	Ø	Ø	Ø	Ø	k	217:4, 1269:6, 155:4, 1289:2	grass / nose / rope / rotten (especially log)
93	C	4	Ø	Ø	s	s	Ø	Ø	Ø	Ø	Ø	s	Ø	Ø	Ø	Ø	Ø	Ø	Ø	Ø	Ø	Ø	Ø	Ø	Ø	Ø	Ø	Ø	Ø	Ø	Ø	Ø	Ø	Ø	Ø	ts	1689:2, 3627:5, 1932:0, 2993:2	feather (larger feathers rather than down) / stone / to bite / what?
148	C	4	Ø	Ø	t	t	Ø	Ø	Ø	Ø	Ø	t	Ø	Ø	Ø	Ø	Ø	Ø	Ø	Ø	Ø	Ø	Ø	Ø	Ø	Ø	t	Ø	d	Ø	Ø	Ø	Ø	Ø	Ø	t	1110:0, 2276:0, 141:1, 2834:2	foot / other / to hear / tongue
77	C	3	Ø	Ø	Ø	Ø	ɲ	Ø	Ø	Ø	Ø	Ø	Ø	Ø	ɲ	Ø	Ø	Ø	Ø	n	Ø	Ø	Ø	Ø	Ø	Ø	Ø	Ø	Ø	Ø	Ø	Ø	Ø	Ø	Ø	Ø	530:2, 1141:7, 2978:5	in / red / wet
78	C	3	Ø	Ø	Ø	Ø	ɾ	Ø	Ø	Ø	Ø	Ø	Ø	Ø	r	Ø	Ø	Ø	Ø	r	Ø	Ø	Ø	Ø	Ø	Ø	Ø	Ø	Ø	Ø	Ø	Ø	Ø	Ø	Ø	Ø	1107:6, 1645:5, 3580:2	fat (organic substance) / here / star
79	C	3	Ø	Ø	Ø	Ø	h.pʰ	Ø	Ø	Ø	Ø	Ø	Ø	Ø	ɸ	Ø	Ø	Ø	Ø	p.p	Ø	Ø	Ø	Ø	Ø	Ø	Ø	Ø	Ø	Ø	Ø	Ø	Ø	Ø	Ø	Ø	1111:3, 1141:3, 2930:3	other / red / water
80	C	3	Ø	Ø	Ø	ɾ	Ø	Ø	Ø	Ø	Ø	r	Ø	Ø	Ø	Ø	Ø	Ø	Ø	Ø	Ø	Ø	Ø	Ø	Ø	Ø	Ø	Ø	Ø	Ø	Ø	Ø	Ø	Ø	Ø	r	2570:1, 3012:2, 3265:3	to spit / when? / year
91	C	3	Ø	Ø	Ø	Ø	Ø	Ø	Ø	Ø	Ø	Ø	Ø	Ø	Ø	Ø	ɲ̥	Ø	Ø	Ø	Ø	Ø	Ø	Ø	Ø	Ø	Ø	Ø	Ø	n	n	n	Ø	Ø	Ø	Ø	1685:3, 2882:4, 3312:2	day (opposite of night rather than time measure) / stick (of wood) / tree
126	C	3	Ø	Ø	Ø	h	Ø	Ø	Ø	Ø	Ø	j	Ø	Ø	Ø	Ø	Ø	Ø	Ø	Ø	Ø	Ø	Ø	Ø	Ø	Ø	dʒ	Ø	Ø	Ø	Ø	Ø	Ø	Ø	Ø	j	217:0, 1269:4, 1127:2	grass / person / rope
145	C	3	Ø	Ø	Ø	Ø	m	Ø	Ø	Ø	Ø	Ø	Ø	Ø	m	Ø	m̥	Ø	Ø	m	Ø	Ø	Ø	Ø	Ø	Ø	Ø	Ø	Ø	m	m	m	Ø	Ø	Ø	Ø	866:2, 1685:1, 2882:1	name / stick (of wood) / tree
97	C	2	Ø	Ø	Ø	Ø	h.tsʰ	Ø	Ø	Ø	Ø	Ø	Ø	Ø	s	Ø	Ø	Ø	Ø	t.ts	Ø	Ø	Ø	Ø	Ø	Ø	Ø	Ø	Ø	Ø	Ø	Ø	Ø	Ø	Ø	Ø	121:0, 302:2	fog / hand
98	C	2	Ø	Ø	Ø	Ø	h.kʰ	Ø	Ø	Ø	Ø	Ø	Ø	Ø	k.k	Ø	Ø	Ø	Ø	k.k	Ø	Ø	Ø	Ø	Ø	Ø	Ø	Ø	Ø	Ø	Ø	Ø	Ø	Ø	Ø	Ø	218:2, 1711:5	grass / straight
99	C	2	Ø	Ø	Ø	Ø	ʔ	Ø	Ø	Ø	Ø	Ø	Ø	Ø	-	Ø	Ø	Ø	Ø	ʔ	Ø	Ø	Ø	Ø	Ø	Ø	Ø	Ø	Ø	Ø	Ø	Ø	Ø	Ø	Ø	Ø	302:0, 515:0	hand / if
101	C	2	Ø	Ø	Ø	Ø	ʔ	Ø	Ø	Ø	Ø	Ø	Ø	Ø	-	Ø	Ø	Ø	Ø	-	Ø	Ø	Ø	Ø	Ø	Ø	Ø	Ø	Ø	Ø	Ø	Ø	Ø	Ø	Ø	Ø	569:0, 3519:0	eye / leaf
104	C	2	Ø	Ø	Ø	-	Ø	Ø	Ø	Ø	Ø	n	Ø	Ø	Ø	Ø	Ø	Ø	Ø	Ø	Ø	Ø	Ø	Ø	Ø	Ø	Ø	Ø	Ø	Ø	Ø	Ø	Ø	Ø	Ø	ɲ	987:2, 2302:3	night / to hit
105	C	2	Ø	Ø	Ø	Ø	h	Ø	Ø	Ø	Ø	Ø	Ø	Ø	k	Ø	Ø	Ø	Ø	k	Ø	Ø	Ø	Ø	Ø	Ø	Ø	Ø	Ø	Ø	Ø	Ø	Ø	Ø	Ø	Ø	988:2, 2747:2	bone / night
107	C	2	Ø	Ø	Ø	Ø	Ø	Ø	Ø	Ø	Ø	Ø	Ø	Ø	Ø	Ø	Ø	Ø	Ø	Ø	Ø	Ø	Ø	Ø	Ø	Ø	Ø	Ø	Ø	d	t	d	Ø	Ø	Ø	Ø	1133:3, 2371:4	say / to know (facts)
117	C	2	Ø	Ø	s	s	Ø	Ø	Ø	Ø	Ø	s	Ø	Ø	Ø	Ø	Ø	Ø	Ø	Ø	Ø	Ø	Ø	Ø	Ø	Ø	Ø	Ø	Ø	Ø	Ø	Ø	Ø	Ø	Ø	s	217:2, 694:0	grass / louse
133	C	2	Ø	Ø	h	h	Ø	Ø	Ø	Ø	Ø	-	Ø	Ø	Ø	Ø	Ø	Ø	Ø	Ø	Ø	Ø	Ø	Ø	-	Ø	Ø	Ø	Ø	Ø	Ø	Ø	Ø	Ø	Ø	h	1093:6, 2859:3	one / tooth (front rather than molar)
142	C	2	Ø	Ø	h	h	Ø	Ø	Ø	Ø	Ø	h	Ø	Ø	Ø	Ø	Ø	Ø	Ø	Ø	Ø	Ø	Ø	Ø	Ø	Ø	Ø	Ø	Ø	Ø	Ø	Ø	Ø	Ø	Ø	hʷ	1307:3, 2276:2	salt / to hear
153	C	2	Ø	Ø	Ø	n	Ø	Ø	Ø	Ø	n	n	Ø	n	Ø	Ø	ɲ	Ø	Ø	Ø	Ø	Ø	Ø	Ø	Ø	Ø	Ø	Ø	Ø	Ø	Ø	Ø	Ø	Ø	Ø	-	672:1, 2737:0	bone / long
156	C	2	Ø	Ø	Ø	Ø	Ø	Ø	ɾ	Ø	Ø	Ø	Ø	Ø	Ø	Ø	Ø	Ø	Ø	Ø	Ø	l	tˀ	n	Ø	Ø	Ø	Ø	Ø	Ø	Ø	Ø	Ø	Ø	-	Ø	2295:3, 2840:5	to hit / tongue
157	C	2	Ø	Ø	Ø	Ø	Ø	Ø	n	Ø	Ø	Ø	Ø	Ø	Ø	Ø	Ø	Ø	Ø	Ø	Ø	ɲ	-	-	Ø	Ø	Ø	Ø	Ø	Ø	Ø	Ø	Ø	Ø	n	Ø	2295:5, 2840:0	to hit / tongue
161	C	1	Ø	Ø	Ø	Ø	tsʰ	Ø	Ø	Ø	Ø	Ø	Ø	Ø	s	Ø	Ø	Ø	Ø	s	Ø	Ø	Ø	Ø	Ø	Ø	Ø	Ø	Ø	Ø	Ø	Ø	Ø	Ø	Ø	Ø	73:0	five
162	C	1	Ø	Ø	Ø	Ø	h.tsʰ	Ø	Ø	Ø	Ø	Ø	Ø	Ø	s	Ø	Ø	Ø	Ø	ts.ts	Ø	Ø	Ø	Ø	Ø	Ø	Ø	Ø	Ø	Ø	Ø	Ø	Ø	Ø	Ø	Ø	73:5	five
163	C	1	Ø	Ø	k	kʷ	Ø	Ø	Ø	Ø	Ø	k	Ø	Ø	Ø	Ø	Ø	Ø	Ø	Ø	Ø	Ø	Ø	Ø	Ø	Ø	Ø	Ø	Ø	Ø	Ø	Ø	Ø	Ø	Ø	kʷ	77:0	I
164	C	1	Ø	Ø	h	-	Ø	Ø	Ø	Ø	Ø	-	Ø	Ø	Ø	Ø	Ø	Ø	Ø	Ø	Ø	Ø	Ø	Ø	Ø	Ø	Ø	Ø	Ø	Ø	Ø	Ø	Ø	Ø	Ø	hʲ	77:2	I
167	C	1	Ø	Ø	Ø	Ø	Ø	Ø	Ø	Ø	Ø	Ø	Ø	Ø	Ø	Ø	Ø	Ø	Ø	Ø	Ø	Ø	Ø	Ø	Ø	Ø	Ø	Ø	Ø	ɸ	ɸ	g	Ø	Ø	Ø	Ø	119:4	ashes
170	C	1	Ø	Ø	Ø	Ø	h.tʰ	Ø	Ø	Ø	Ø	Ø	Ø	Ø	t	Ø	Ø	Ø	Ø	t.t	Ø	Ø	Ø	Ø	Ø	Ø	Ø	Ø	Ø	Ø	Ø	Ø	Ø	Ø	Ø	Ø	133:0	foot
181	C	1	Ø	Ø	Ø	Ø	pʲ	Ø	Ø	Ø	Ø	Ø	Ø	Ø	b	Ø	Ø	Ø	Ø	b	Ø	Ø	Ø	Ø	Ø	Ø	Ø	Ø	Ø	Ø	Ø	Ø	Ø	Ø	Ø	Ø	353:3	he
183	C	1	Ø	Ø	Ø	Ø	Ø	m	m	Ø	Ø	Ø	Ø	Ø	Ø	Ø	Ø	Ø	Ø	Ø	Ø	m	Ø	Ø	Ø	Ø	Ø	Ø	Ø	Ø	Ø	Ø	Ø	Ø	Ø	Ø	365:0	head
184	C	1	Ø	Ø	Ø	Ø	Ø	-	ʔ	Ø	Ø	Ø	Ø	Ø	Ø	Ø	Ø	Ø	Ø	Ø	Ø	ʔ	Ø	Ø	Ø	Ø	Ø	Ø	Ø	Ø	Ø	Ø	Ø	Ø	Ø	Ø	365:4	head
189	C	1	Ø	Ø	Ø	k	Ø	Ø	Ø	Ø	Ø	n	Ø	Ø	Ø	Ø	Ø	Ø	Ø	Ø	Ø	Ø	Ø	Ø	Ø	Ø	Ø	Ø	Ø	Ø	Ø	Ø	Ø	Ø	Ø	k	423:3	heavy
196	C	1	Ø	Ø	Ø	Ø	t	Ø	Ø	Ø	Ø	Ø	Ø	Ø	dʒ	Ø	Ø	Ø	Ø	-	Ø	Ø	Ø	Ø	Ø	Ø	Ø	Ø	Ø	Ø	Ø	Ø	Ø	Ø	Ø	Ø	464:2	how
197	C	1	Ø	Ø	Ø	Ø	h	Ø	Ø	Ø	Ø	Ø	Ø	Ø	tʃ	Ø	Ø	Ø	Ø	tʃ	Ø	Ø	Ø	Ø	Ø	Ø	Ø	Ø	Ø	Ø	Ø	Ø	Ø	Ø	Ø	Ø	515:2	if
198	C	1	Ø	Ø	Ø	Ø	tʃʰ	Ø	Ø	Ø	Ø	Ø	Ø	Ø	tʃ	Ø	Ø	Ø	Ø	tʃ	Ø	Ø	Ø	Ø	Ø	Ø	Ø	Ø	Ø	Ø	Ø	Ø	Ø	Ø	Ø	Ø	515:3	if
201	C	1	Ø	Ø	-	Ø	Ø	Ø	Ø	Ø	Ø	-	Ø	Ø	Ø	Ø	Ø	Ø	Ø	Ø	Ø	Ø	Ø	Ø	Ø	Ø	Ø	Ø	Ø	Ø	Ø	Ø	∼	Ø	Ø	-	567:4	leaf
203	C	1	Ø	Ø	Ø	w	Ø	Ø	Ø	Ø	Ø	w	Ø	Ø	Ø	Ø	Ø	Ø	Ø	Ø	Ø	Ø	Ø	Ø	Ø	Ø	Ø	Ø	Ø	Ø	Ø	Ø	Ø	Ø	Ø	w	648:2	liver
206	C	1	Ø	Ø	Ø	Ø	Ø	Ø	Ø	Ø	ʔ	Ø	Ø	-	Ø	Ø	-	Ø	Ø	Ø	Ø	Ø	Ø	Ø	Ø	Ø	Ø	Ø	Ø	Ø	Ø	Ø	Ø	Ø	Ø	Ø	672:5	long
207	C	1	Ø	Ø	kʷ	kʷ	Ø	Ø	Ø	Ø	Ø	kʷ	Ø	Ø	Ø	Ø	Ø	Ø	Ø	Ø	Ø	Ø	Ø	Ø	Ø	Ø	Ø	Ø	Ø	Ø	Ø	Ø	Ø	Ø	Ø	k	694:2	louse
208	C	1	Ø	Ø	h	h	Ø	Ø	Ø	Ø	Ø	h	Ø	Ø	Ø	Ø	Ø	Ø	Ø	Ø	Ø	Ø	Ø	Ø	Ø	Ø	Ø	Ø	Ø	Ø	Ø	Ø	Ø	Ø	Ø	w	694:6	louse
210	C	1	Ø	Ø	Ø	Ø	n	Ø	Ø	Ø	Ø	Ø	Ø	Ø	ɲ	Ø	Ø	Ø	Ø	n	Ø	Ø	Ø	Ø	Ø	Ø	Ø	Ø	Ø	Ø	Ø	Ø	Ø	Ø	Ø	Ø	695:2	louse
211	C	1	Ø	Ø	Ø	Ø	ʔʲ	Ø	Ø	Ø	Ø	Ø	Ø	Ø	ʔ	Ø	Ø	Ø	Ø	ʔ	Ø	Ø	Ø	Ø	Ø	Ø	Ø	Ø	Ø	Ø	Ø	Ø	Ø	Ø	Ø	Ø	695:5	louse
214	C	1	Ø	Ø	Ø	Ø	Ø	Ø	Ø	Ø	Ø	Ø	Ø	Ø	Ø	Ø	Ø	Ø	Ø	Ø	Ø	Ø	Ø	Ø	Ø	Ø	Ø	Ø	Ø	ŋ	ɲ	ŋ	Ø	Ø	Ø	Ø	777:3	woman
220	C	1	Ø	Ø	Ø	ɾ	Ø	Ø	Ø	Ø	Ø	t	Ø	Ø	Ø	Ø	Ø	Ø	Ø	Ø	Ø	Ø	Ø	Ø	Ø	Ø	Ø	Ø	Ø	Ø	Ø	Ø	Ø	Ø	Ø	t	839:1	mouth
221	C	1	Ø	Ø	Ø	p	Ø	Ø	Ø	Ø	Ø	p	Ø	Ø	Ø	Ø	Ø	Ø	Ø	Ø	Ø	Ø	Ø	Ø	Ø	Ø	Ø	Ø	Ø	Ø	Ø	Ø	Ø	Ø	Ø	p	839:3	mouth
223	C	1	Ø	Ø	Ø	-	Ø	Ø	Ø	Ø	Ø	m	Ø	Ø	Ø	Ø	Ø	Ø	Ø	Ø	Ø	Ø	Ø	Ø	Ø	Ø	Ø	Ø	Ø	Ø	Ø	Ø	Ø	Ø	Ø	m	839:5	mouth
227	C	1	Ø	Ø	Ø	-	Ø	Ø	Ø	Ø	Ø	-	Ø	Ø	Ø	Ø	Ø	Ø	Ø	Ø	Ø	Ø	Ø	Ø	Ø	Ø	-	Ø	Ø	Ø	Ø	Ø	Ø	Ø	Ø	k	851:2	tree
233	C	1	Ø	Ø	Ø	Ø	n	Ø	Ø	Ø	Ø	Ø	Ø	Ø	+	Ø	Ø	Ø	Ø	n	Ø	Ø	Ø	Ø	Ø	Ø	Ø	Ø	Ø	Ø	Ø	Ø	Ø	Ø	Ø	Ø	970:4	new
238	C	1	Ø	Ø	Ø	kʷ	Ø	Ø	Ø	Ø	Ø	k	Ø	Ø	Ø	Ø	Ø	Ø	Ø	Ø	Ø	Ø	Ø	Ø	Ø	Ø	Ø	Ø	Ø	Ø	Ø	Ø	Ø	Ø	Ø	-	987:4	night
241	C	1	Ø	Ø	Ø	Ø	Ø	Ø	Ø	Ø	t	Ø	Ø	Ø	Ø	Ø	ɯː	Ø	Ø	Ø	Ø	Ø	Ø	Ø	Ø	Ø	Ø	Ø	Ø	ɯː	ɯ	ɯː	Ø	Ø	Ø	Ø	992:2	night
244	C	1	Ø	Ø	Ø	Ø	Ø	Ø	Ø	Ø	Ø	Ø	Ø	Ø	Ø	Ø	Ø	Ø	r	Ø	Ø	Ø	Ø	Ø	Ø	Ø	Ø	Ø	Ø	Ø	Ø	Ø	r	r	Ø	Ø	1022:3	nose
248	C	1	Ø	Ø	Ø	Ø	tsʰ	Ø	Ø	Ø	Ø	Ø	Ø	Ø	tʃ	Ø	Ø	Ø	Ø	ts	Ø	Ø	Ø	Ø	Ø	Ø	Ø	Ø	Ø	Ø	Ø	Ø	Ø	Ø	Ø	Ø	1040:0	not
259	C	1	Ø	Ø	Ø	ɾ	Ø	Ø	Ø	Ø	Ø	k	Ø	Ø	Ø	Ø	Ø	Ø	Ø	Ø	Ø	Ø	Ø	Ø	Ø	Ø	Ø	Ø	Ø	Ø	Ø	Ø	Ø	Ø	Ø	k	1093:4	one
262	C	1	Ø	Ø	Ø	m	Ø	Ø	Ø	Ø	Ø	n	Ø	Ø	Ø	Ø	Ø	Ø	Ø	Ø	Ø	Ø	Ø	Ø	Ø	Ø	Ø	Ø	Ø	Ø	Ø	Ø	Ø	Ø	Ø	k	1110:2	other
266	C	1	Ø	Ø	Ø	Ø	Ø	Ø	Ø	Ø	Ø	Ø	Ø	Ø	Ø	Ø	Ø	Ø	Ø	Ø	Ø	Ø	Ø	Ø	Ø	Ø	Ø	Ø	Ø	d	r	d	Ø	Ø	Ø	Ø	1133:0	say
270	C	1	Ø	Ø	Ø	Ø	Ø	Ø	Ø	Ø	Ø	Ø	-	Ø	Ø	Ø	Ø	Ø	j	Ø	Ø	Ø	Ø	Ø	Ø	Ø	Ø	Ø	Ø	Ø	Ø	Ø	j	Ø	Ø	Ø	1248:4	root
271	C	1	Ø	Ø	Ø	s	Ø	Ø	Ø	Ø	Ø	t	Ø	Ø	Ø	Ø	Ø	Ø	Ø	Ø	Ø	Ø	Ø	Ø	Ø	Ø	Ø	Ø	Ø	Ø	Ø	Ø	Ø	Ø	Ø	t	1266:0	belly
272	C	1	Ø	Ø	Ø	ɾ	Ø	Ø	Ø	Ø	Ø	n	Ø	Ø	Ø	Ø	Ø	Ø	Ø	Ø	Ø	Ø	Ø	Ø	Ø	Ø	Ø	Ø	Ø	Ø	Ø	Ø	Ø	Ø	Ø	w	1266:2	belly
273	C	1	Ø	Ø	Ø	Ø	pʲ	Ø	Ø	Ø	Ø	Ø	Ø	Ø	i.b	Ø	Ø	Ø	Ø	i.b	Ø	Ø	Ø	Ø	Ø	Ø	Ø	Ø	Ø	Ø	Ø	Ø	Ø	Ø	Ø	Ø	1267:2	rope
274	C	1	Ø	Ø	Ø	p	Ø	Ø	Ø	Ø	Ø	-	Ø	Ø	Ø	Ø	Ø	Ø	Ø	Ø	Ø	Ø	Ø	Ø	Ø	Ø	Ø	Ø	Ø	Ø	Ø	Ø	Ø	Ø	Ø	-	1269:0	rope
275	C	1	Ø	Ø	Ø	ʃ	Ø	Ø	Ø	Ø	Ø	-	Ø	Ø	Ø	Ø	Ø	Ø	Ø	Ø	Ø	Ø	Ø	Ø	Ø	Ø	Ø	Ø	Ø	Ø	Ø	Ø	Ø	Ø	Ø	-	1269:2	rope
280	C	1	Ø	Ø	tʃ	Ø	Ø	Ø	Ø	Ø	Ø	s	Ø	Ø	Ø	Ø	Ø	Ø	Ø	Ø	Ø	Ø	Ø	Ø	Ø	Ø	Ø	Ø	Ø	Ø	Ø	Ø	Ø	Ø	Ø	tʃ	1307:1	salt
282	C	1	Ø	Ø	Ø	Ø	j	Ø	Ø	Ø	Ø	Ø	Ø	Ø	j	Ø	Ø	Ø	Ø	j	Ø	Ø	Ø	Ø	Ø	Ø	Ø	Ø	Ø	Ø	Ø	Ø	Ø	Ø	Ø	Ø	1325:5	sand
284	C	1	Ø	Ø	Ø	Ø	Ø	Ø	Ø	Ø	Ø	Ø	Ø	Ø	Ø	Ø	n̥	Ø	Ø	Ø	Ø	Ø	Ø	Ø	Ø	Ø	Ø	Ø	Ø	Ø	n	n	Ø	Ø	Ø	Ø	1369:2	sea (ocean)
286	C	1	Ø	Ø	Ø	Ø	h.tʰʲ	Ø	Ø	Ø	Ø	Ø	Ø	Ø	t.tʲ	Ø	Ø	Ø	Ø	t.t	Ø	Ø	Ø	Ø	Ø	Ø	Ø	Ø	Ø	Ø	Ø	Ø	Ø	Ø	Ø	Ø	1388:1	see
290	C	1	Ø	Ø	Ø	Ø	h.kʰʲ	Ø	Ø	Ø	Ø	Ø	Ø	Ø	k.k	Ø	Ø	Ø	Ø	k.k	Ø	Ø	Ø	Ø	Ø	Ø	Ø	Ø	Ø	Ø	Ø	Ø	Ø	Ø	Ø	Ø	1498:2	sky
293	C	1	Ø	Ø	Ø	Ø	tʰʲ	Ø	Ø	Ø	Ø	Ø	Ø	Ø	tʲ	Ø	Ø	Ø	Ø	t	Ø	Ø	Ø	Ø	Ø	Ø	Ø	Ø	Ø	Ø	Ø	Ø	Ø	Ø	Ø	Ø	1582:2	big
296	C	1	Ø	Ø	Ø	Ø	mʲ	Ø	Ø	Ø	Ø	Ø	Ø	Ø	m	Ø	Ø	Ø	Ø	m	Ø	Ø	Ø	Ø	Ø	Ø	Ø	Ø	Ø	Ø	Ø	Ø	Ø	Ø	Ø	Ø	1607:5	snake
302	C	1	Ø	Ø	Ø	Ø	Ø	Ø	Ø	Ø	Ø	Ø	Ø	Ø	Ø	Ø	dʲ	Ø	Ø	Ø	Ø	Ø	Ø	Ø	Ø	Ø	Ø	Ø	Ø	ɾ	r	ɾ	Ø	Ø	Ø	Ø	1673:0	stick (of wood)
304	C	1	Ø	Ø	t	-	Ø	Ø	Ø	Ø	Ø	-	Ø	Ø	Ø	Ø	Ø	Ø	Ø	Ø	Ø	Ø	Ø	Ø	Ø	Ø	Ø	Ø	Ø	Ø	Ø	Ø	Ø	Ø	Ø	Ø	1689:0	stone
309	C	1	Ø	Ø	Ø	Ø	ʔ	Ø	Ø	Ø	Ø	Ø	Ø	Ø	ʔ.ɨ	Ø	Ø	Ø	Ø	ʔ	Ø	Ø	Ø	Ø	Ø	Ø	Ø	Ø	Ø	Ø	Ø	Ø	Ø	Ø	Ø	Ø	1733:2	sun
316	C	1	Ø	Ø	Ø	kʲ	Ø	Ø	Ø	Ø	Ø	kʲ	Ø	Ø	Ø	Ø	Ø	Ø	Ø	Ø	Ø	Ø	Ø	Ø	Ø	Ø	Ø	Ø	Ø	Ø	Ø	Ø	Ø	Ø	Ø	tʃ	1886:0	thou
322	C	1	Ø	Ø	Ø	r	Ø	Ø	Ø	Ø	Ø	r	Ø	Ø	Ø	Ø	Ø	Ø	Ø	Ø	Ø	Ø	Ø	Ø	Ø	Ø	Ø	Ø	Ø	Ø	Ø	Ø	Ø	Ø	Ø	r	2092:0	to drink
323	C	1	Ø	Ø	Ø	t	Ø	Ø	Ø	Ø	Ø	r	Ø	Ø	Ø	Ø	Ø	Ø	Ø	Ø	Ø	Ø	Ø	Ø	Ø	Ø	Ø	Ø	Ø	Ø	Ø	Ø	Ø	Ø	Ø	t	2092:2	to drink
324	C	1	Ø	Ø	Ø	Ø	h.tʃʰ	Ø	Ø	Ø	Ø	Ø	Ø	Ø	tʃ.tʃ	Ø	Ø	Ø	Ø	tʃ.tʃ	Ø	Ø	Ø	Ø	Ø	Ø	Ø	Ø	Ø	Ø	Ø	Ø	Ø	Ø	Ø	Ø	2119:2	to eat
330	C	1	Ø	Ø	Ø	p	Ø	Ø	Ø	Ø	Ø	m	Ø	Ø	Ø	Ø	Ø	Ø	Ø	Ø	Ø	Ø	Ø	Ø	Ø	Ø	Ø	Ø	Ø	Ø	Ø	Ø	Ø	Ø	Ø	p	2302:1	to hit
336	C	1	Ø	Ø	Ø	Ø	Ø	Ø	Ø	Ø	Ø	Ø	Ø	Ø	Ø	Ø	Ø	Ø	Ø	Ø	Ø	Ø	Ø	Ø	Ø	Ø	Ø	Ø	Ø	n	ɲ	n	Ø	Ø	Ø	Ø	2371:1	to know (facts)
337	C	1	Ø	Ø	Ø	n	Ø	Ø	Ø	Ø	Ø	m	Ø	Ø	Ø	Ø	Ø	Ø	Ø	Ø	Ø	Ø	Ø	Ø	Ø	Ø	Ø	Ø	Ø	Ø	Ø	Ø	Ø	Ø	Ø	n	2382:0	blood
338	C	1	Ø	Ø	Ø	n	Ø	Ø	Ø	Ø	Ø	h	Ø	Ø	Ø	Ø	Ø	Ø	Ø	Ø	Ø	Ø	Ø	Ø	Ø	Ø	Ø	Ø	Ø	Ø	Ø	Ø	Ø	Ø	Ø	n	2382:2	blood
339	C	1	Ø	Ø	Ø	k	Ø	Ø	Ø	Ø	Ø	w	Ø	Ø	Ø	Ø	Ø	Ø	Ø	Ø	Ø	Ø	Ø	Ø	Ø	Ø	Ø	Ø	Ø	Ø	Ø	Ø	Ø	Ø	Ø	k	2407:1	to live
341	C	1	Ø	Ø	Ø	Ø	Ø	Ø	Ø	Ø	Ø	Ø	Ø	Ø	Ø	Ø	Ø	Ø	Ø	Ø	Ø	Ø	Ø	Ø	Ø	Ø	Ø	Ø	Ø	t	t	t	Ø	Ø	Ø	Ø	2521:0	to sew
344	C	1	Ø	Ø	Ø	Ø	h.tʃʰ	Ø	Ø	Ø	Ø	Ø	Ø	Ø	s	Ø	Ø	Ø	Ø	t.ts	Ø	Ø	Ø	Ø	Ø	Ø	Ø	Ø	Ø	Ø	Ø	Ø	Ø	Ø	Ø	Ø	2678:1	to swim
346	C	1	Ø	Ø	Ø	Ø	kʰʲ	Ø	Ø	Ø	Ø	Ø	Ø	Ø	Ø	Ø	Ø	Ø	Ø	k	k	Ø	Ø	Ø	Ø	Ø	Ø	Ø	Ø	Ø	Ø	Ø	Ø	Ø	Ø	Ø	2720:2	to throw
349	C	1	Ø	Ø	Ø	Ø	Ø	Ø	-	Ø	Ø	Ø	Ø	Ø	Ø	Ø	Ø	Ø	Ø	Ø	Ø	-	Ø	Ø	Ø	Ø	Ø	Ø	Ø	Ø	Ø	Ø	Ø	Ø	ts	Ø	2840:11	tongue
350	C	1	Ø	Ø	kʲ	kʲ	Ø	Ø	Ø	Ø	Ø	k	Ø	Ø	Ø	Ø	Ø	Ø	Ø	Ø	Ø	Ø	Ø	Ø	k	Ø	Ø	Ø	Ø	Ø	Ø	Ø	Ø	Ø	Ø	Ø	2859:1	tooth (front rather than molar)
352	C	1	Ø	Ø	Ø	Ø	h	Ø	Ø	Ø	Ø	Ø	Ø	Ø	-	Ø	Ø	Ø	Ø	-	Ø	Ø	Ø	Ø	Ø	Ø	Ø	Ø	Ø	Ø	Ø	Ø	Ø	Ø	Ø	Ø	2860:3	tooth (front rather than molar)
355	C	1	Ø	Ø	Ø	Ø	kʰ	Ø	Ø	Ø	Ø	Ø	Ø	Ø	k.k	Ø	Ø	Ø	Ø	k	Ø	Ø	Ø	Ø	Ø	Ø	Ø	Ø	Ø	Ø	Ø	Ø	Ø	Ø	Ø	Ø	2901:6	two
356	C	1	Ø	Ø	Ø	Ø	Ø	Ø	Ø	Ø	Ø	Ø	Ø	Ø	Ø	Ø	Ø	Ø	m	Ø	Ø	Ø	Ø	Ø	Ø	Ø	Ø	Ø	Ø	Ø	Ø	Ø	-	-	Ø	Ø	2918:2	two
359	C	1	Ø	Ø	Ø	Ø	Ø	Ø	Ø	Ø	Ø	Ø	Ø	Ø	Ø	Ø	Ø	Ø	ɾ	Ø	Ø	Ø	Ø	Ø	Ø	Ø	Ø	Ø	Ø	Ø	Ø	Ø	r	r	Ø	Ø	2918:5	two
360	C	1	Ø	Ø	Ø	Ø	Ø	Ø	Ø	Ø	Ø	Ø	Ø	Ø	Ø	Ø	Ø	Ø	-	Ø	Ø	Ø	Ø	Ø	Ø	Ø	Ø	Ø	Ø	Ø	Ø	Ø	m	m	Ø	Ø	2918:7	two
361	C	1	Ø	Ø	m	m	Ø	Ø	Ø	Ø	Ø	-	Ø	Ø	Ø	Ø	Ø	Ø	Ø	Ø	Ø	Ø	Ø	Ø	Ø	Ø	Ø	Ø	Ø	Ø	Ø	Ø	Ø	Ø	Ø	Ø	2929:0	water
362	C	1	Ø	Ø	-	w	Ø	Ø	Ø	Ø	Ø	-	Ø	Ø	Ø	Ø	Ø	Ø	Ø	Ø	Ø	Ø	Ø	Ø	Ø	Ø	Ø	Ø	Ø	Ø	Ø	Ø	Ø	Ø	Ø	Ø	2929:2	water
363	C	1	Ø	Ø	Ø	Ø	kʰʲ	Ø	Ø	Ø	Ø	Ø	Ø	Ø	ʔ	Ø	Ø	Ø	Ø	-	Ø	Ø	Ø	Ø	Ø	Ø	Ø	Ø	Ø	Ø	Ø	Ø	Ø	Ø	Ø	Ø	2930:5	water
372	C	1	Ø	Ø	Ø	Ø	Ø	Ø	Ø	Ø	Ø	Ø	Ø	Ø	Ø	Ø	Ø	Ø	p	Ø	Ø	Ø	Ø	Ø	Ø	Ø	Ø	Ø	Ø	Ø	Ø	Ø	p	p	Ø	Ø	3061:2	white
373	C	1	Ø	Ø	Ø	Ø	Ø	Ø	Ø	Ø	Ø	Ø	Ø	Ø	Ø	Ø	Ø	Ø	s	Ø	Ø	Ø	Ø	Ø	Ø	Ø	Ø	Ø	Ø	Ø	Ø	Ø	s	ʃ	Ø	Ø	3061:4	white
375	C	1	Ø	Ø	Ø	Ø	Ø	Ø	Ø	Ø	Ø	Ø	Ø	Ø	Ø	Ø	Ø	Ø	j	Ø	Ø	Ø	Ø	Ø	Ø	Ø	Ø	Ø	Ø	Ø	Ø	Ø	-	l	Ø	Ø	3061:6	white
376	C	1	Ø	Ø	Ø	-	Ø	Ø	Ø	Ø	Ø	k	Ø	Ø	Ø	Ø	Ø	Ø	Ø	Ø	-	Ø	Ø	Ø	Ø	Ø	Ø	Ø	Ø	Ø	Ø	Ø	Ø	Ø	Ø	-	3073:4	who?
378	C	1	Ø	Ø	Ø	-	Ø	Ø	Ø	Ø	Ø	-	Ø	Ø	Ø	Ø	Ø	Ø	Ø	Ø	-	Ø	Ø	Ø	Ø	Ø	Ø	Ø	Ø	Ø	Ø	Ø	Ø	Ø	Ø	t	3073:6	who?
381	C	1	Ø	-	Ø	Ø	Ø	Ø	Ø	Ø	Ø	Ø	Ø	Ø	Ø	Ø	Ø	n	Ø	Ø	Ø	Ø	-	Ø	Ø	Ø	Ø	-	Ø	Ø	Ø	Ø	Ø	Ø	Ø	Ø	3113:4	wife
386	C	1	Ø	Ø	-	-	Ø	Ø	Ø	Ø	Ø	s	Ø	Ø	Ø	Ø	Ø	Ø	Ø	Ø	Ø	Ø	Ø	Ø	Ø	Ø	Ø	Ø	Ø	Ø	Ø	Ø	Ø	Ø	Ø	Ø	3184:2	woman
388	C	1	Ø	Ø	Ø	Ø	-	Ø	Ø	Ø	Ø	Ø	Ø	Ø	ʔ	Ø	Ø	Ø	Ø	ʔ	Ø	Ø	Ø	Ø	Ø	Ø	Ø	Ø	Ø	Ø	Ø	Ø	Ø	Ø	Ø	Ø	3229:2	worm
390	C	1	Ø	Ø	Ø	Ø	ʔ	Ø	Ø	Ø	Ø	Ø	Ø	Ø	ʔ	Ø	Ø	Ø	Ø	-	Ø	Ø	Ø	Ø	Ø	Ø	Ø	Ø	Ø	Ø	Ø	Ø	Ø	Ø	Ø	Ø	3242:3	ye
392	C	1	Ø	Ø	Ø	hʲ	Ø	Ø	Ø	Ø	Ø	j	Ø	Ø	Ø	Ø	Ø	Ø	Ø	Ø	Ø	Ø	Ø	Ø	Ø	Ø	Ø	Ø	Ø	Ø	Ø	Ø	Ø	Ø	Ø	hʲ	3265:5	year
393	C	1	Ø	Ø	Ø	Ø	h.kʰʲ	Ø	Ø	Ø	Ø	Ø	Ø	Ø	k	Ø	Ø	Ø	Ø	k	Ø	Ø	Ø	Ø	Ø	Ø	Ø	Ø	Ø	Ø	Ø	Ø	Ø	Ø	Ø	Ø	3266:2	year
396	C	1	Ø	Ø	Ø	Ø	Ø	Ø	Ø	Ø	Ø	Ø	Ø	Ø	Ø	Ø	Ø	Ø	m	Ø	Ø	Ø	Ø	Ø	Ø	Ø	Ø	Ø	Ø	Ø	Ø	Ø	b	m	Ø	Ø	3360:3	dog
397	C	1	Ø	Ø	Ø	Ø	Ø	Ø	Ø	Ø	Ø	Ø	Ø	Ø	Ø	Ø	Ø	Ø	j	Ø	Ø	Ø	Ø	Ø	Ø	Ø	Ø	Ø	Ø	Ø	Ø	Ø	-	∼	Ø	Ø	3360:5	dog
401	C	1	Ø	Ø	n	ɾ	Ø	Ø	Ø	Ø	Ø	n	Ø	Ø	Ø	Ø	Ø	Ø	Ø	Ø	Ø	Ø	Ø	Ø	Ø	Ø	Ø	Ø	Ø	Ø	Ø	Ø	Ø	Ø	Ø	-	3490:0	egg
403	C	1	Ø	Ø	d	ɾ	Ø	Ø	Ø	Ø	Ø	-	Ø	Ø	Ø	Ø	Ø	Ø	Ø	Ø	Ø	Ø	Ø	Ø	Ø	Ø	Ø	Ø	Ø	Ø	Ø	Ø	Ø	Ø	Ø	-	3490:2	egg
407	C	1	Ø	Ø	h.j	h.i	Ø	Ø	Ø	Ø	Ø	h	Ø	Ø	Ø	Ø	Ø	Ø	Ø	Ø	Ø	Ø	Ø	Ø	Ø	Ø	Ø	Ø	Ø	Ø	Ø	Ø	Ø	Ø	Ø	hʲ	3517:4	eye
409	C	1	Ø	Ø	Ø	Ø	tʃ	Ø	Ø	Ø	Ø	Ø	Ø	Ø	dʒ	Ø	Ø	Ø	Ø	dʒ	Ø	Ø	Ø	Ø	Ø	Ø	Ø	Ø	Ø	Ø	Ø	Ø	Ø	Ø	Ø	Ø	3519:2	eye
410	C	1	Ø	Ø	Ø	Ø	Ø	Ø	Ø	Ø	Ø	Ø	Ø	Ø	Ø	Ø	h	Ø	Ø	Ø	Ø	Ø	Ø	Ø	Ø	Ø	Ø	Ø	Ø	h	θ	h	Ø	Ø	Ø	Ø	3538:1	eye
412	C	1	Ø	Ø	Ø	Ø	Ø	Ø	Ø	Ø	Ø	Ø	Ø	Ø	Ø	n	Ø	Ø	Ø	Ø	Ø	Ø	-	Ø	Ø	n	Ø	-	Ø	Ø	Ø	Ø	Ø	Ø	Ø	Ø	3559:3	far
414	C	1	Ø	Ø	Ø	Ø	Ø	Ø	Ø	Ø	Ø	Ø	Ø	Ø	Ø	Ø	Ø	Ø	Ø	Ø	Ø	Ø	-	Ø	Ø	p	Ø	-	Ø	Ø	Ø	Ø	Ø	Ø	Ø	Ø	3605:0	father
52	C	12	w	w	Ø	Ø	Ø	Ø	w	Ø	Ø	Ø	Ø	Ø	Ø	Ø	Ø	w	Ø	Ø	Ø	Ø	w	w	Ø	Ø	Ø	w	Ø	Ø	Ø	Ø	Ø	Ø	Ø	Ø	131:2, 300:1, 1224:0, 1306:0, 2991:0, 3091:0, 834:0, 3302:2, 1842:0, 2295:1, 3113:2, 3345:2	belly / day (opposite of night rather than time measure) / dog / foot / hand / mouth / salt / thin / to hit / what? / wide / wife
67	C	4	w	w	Ø	Ø	Ø	Ø	Ø	Ø	Ø	Ø	Ø	Ø	Ø	Ø	Ø	Ø	Ø	Ø	Ø	Ø	-	Ø	Ø	Ø	Ø	-	Ø	Ø	Ø	Ø	Ø	Ø	Ø	Ø	3011:0, 3431:2, 1487:2, 2924:2	ear / skin (person's) / warm (of weather) / when?
385	C	1	w	w	Ø	Ø	Ø	Ø	Ø	Ø	Ø	Ø	Ø	Ø	Ø	Ø	Ø	Ø	Ø	Ø	Ø	Ø	-	Ø	Ø	Ø	Ø	w	Ø	Ø	Ø	Ø	Ø	Ø	Ø	Ø	3183:2	woman
159	C	1	v	w	Ø	Ø	Ø	Ø	Ø	Ø	Ø	Ø	Ø	Ø	Ø	Ø	Ø	Ø	Ø	Ø	Ø	Ø	w	Ø	Ø	Ø	Ø	w	Ø	Ø	Ø	Ø	Ø	Ø	Ø	Ø	1:0	I
87	C	2	tʲ	t	Ø	Ø	tʰʲ	Ø	Ø	Ø	Ø	Ø	Ø	Ø	t	Ø	Ø	Ø	Ø	t	Ø	Ø	Ø	Ø	Ø	Ø	Ø	t	Ø	Ø	Ø	Ø	Ø	Ø	t	Ø	662:4, 1809:3	bad (deleterious or unsuitable) / they
45	C	6	tʃ	tʃ	Ø	Ø	Ø	Ø	Ø	Ø	Ø	Ø	Ø	Ø	Ø	Ø	Ø	Ø	Ø	Ø	Ø	Ø	tʃ	Ø	Ø	Ø	Ø	tʃ	Ø	Ø	Ø	Ø	Ø	Ø	Ø	Ø	1077:7, 1087:4, 1109:4, 2959:1, 1264:0, 3514:0	bird / child (young person rather than as relationship term) / old / one / other / rope
212	C	1	tʃ	ʃ	Ø	Ø	Ø	Ø	Ø	Ø	Ø	Ø	Ø	Ø	Ø	Ø	Ø	Ø	Ø	Ø	Ø	Ø	Ø	Ø	Ø	Ø	Ø	ʃ	Ø	Ø	Ø	Ø	Ø	Ø	Ø	Ø	732:3	many
255	C	1	tʃ	m	Ø	Ø	Ø	Ø	Ø	Ø	Ø	Ø	Ø	Ø	Ø	Ø	Ø	Ø	Ø	Ø	Ø	Ø	tʃ	Ø	Ø	Ø	Ø	t	Ø	Ø	Ø	Ø	Ø	Ø	Ø	Ø	1087:0	one
261	C	1	tʃ	t	Ø	Ø	Ø	Ø	Ø	Ø	Ø	Ø	Ø	Ø	Ø	Ø	Ø	Ø	Ø	Ø	Ø	Ø	tʃ	Ø	Ø	Ø	Ø	t	Ø	Ø	Ø	Ø	Ø	Ø	Ø	Ø	1109:0	other
288	C	1	tʃ	-	Ø	Ø	Ø	Ø	Ø	Ø	Ø	Ø	Ø	Ø	Ø	Ø	Ø	Ø	Ø	Ø	Ø	Ø	tʃˀ	Ø	Ø	Ø	Ø	-	Ø	Ø	Ø	Ø	Ø	Ø	Ø	Ø	1447:6	short
347	C	1	tʃ	tʃ	Ø	Ø	Ø	Ø	Ø	Ø	Ø	Ø	Ø	Ø	Ø	Ø	Ø	Ø	Ø	Ø	Ø	Ø	tʃˀ	Ø	Ø	Ø	Ø	tʃ	Ø	Ø	Ø	Ø	Ø	Ø	Ø	Ø	2735:4	bone
30	C	44	ts	ts	Ø	k	h.kʰʲ	Ø	Ø	Ø	k	k	Ø	k	k	Ø	x	Ø	Ø	k.k	k	Ø	ts	Ø	Ø	Ø	Ø	ts	Ø	k	k	k	Ø	Ø	Ø	k	2941:2, 3261:0, 3261:2, 3550:0, 1182:2, 3302:0, 3576:6, 1123:2, 1842:2, 1207:2, 2924:0, 259:2, 409:0, 409:5, 640:4, 867:5, 981:0, 1407:0, 1703:5, 1832:4, 2284:0, 2284:2, 2423:0, 2712:0, 2712:4, 2712:9, 2755:0, 2783:0, 2783:2, 2815:2, 3165:3, 3235:2, 3258:3, 714:0, 716:0, 716:2, 1653:1, 3357:2, 522:5, 796:0, 1247:2, 1728:2, 2737:2, 3073:0	I / back (person's) / bone / cold (of weather) / day (opposite of night rather than time measure) / dog / green / heart / leg / name / new / not / person / right (hand) / river / root / sea (ocean) / see / star / stone / sun / thick / thin / to hear / to live / to think / to tie / to vomit / to wash / warm (of weather) / water / we / who? / wing / worm / ye
246	C	1	ts	tʃ	Ø	Ø	Ø	Ø	Ø	Ø	Ø	Ø	Ø	Ø	Ø	Ø	Ø	Ø	Ø	Ø	Ø	Ø	tʃ	Ø	Ø	Ø	Ø	tʃ	Ø	Ø	Ø	Ø	Ø	Ø	Ø	Ø	1038:0	not
23	C	21	t	t	Ø	Ø	Ø	Ø	Ø	Ø	Ø	Ø	t	t	Ø	Ø	Ø	Ø	t	Ø	Ø	Ø	t	Ø	Ø	Ø	Ø	t	Ø	Ø	Ø	Ø	t	Ø	t	Ø	385:0, 385:3, 395:5, 693:0, 934:3, 1077:3, 1137:5, 1234:0, 1234:3, 1447:2, 1709:2, 3011:4, 3240:1, 3505:3, 732:5, 1901:5, 1167:2, 1826:5, 3028:0, 3546:0, 1248:2	animal / back (person's) / belly / bird / heart / louse / many / neck / old / red / right (correct) / root / short / straight / three / when? / where? / ye
68	C	3	t	t	Ø	Ø	Ø	Ø	Ø	Ø	Ø	Ø	Ø	Ø	Ø	Ø	Ø	Ø	Ø	Ø	Ø	dʒ	tʲ	Ø	Ø	Ø	Ø	t	Ø	Ø	Ø	Ø	Ø	Ø	Ø	Ø	461:1, 1235:3, 270:2	hair / how / road (or trail)
34	C	7	s	s	Ø	Ø	Ø	Ø	Ø	Ø	Ø	Ø	Ø	Ø	Ø	Ø	Ø	Ø	Ø	Ø	Ø	Ø	s	Ø	Ø	Ø	Ø	s	Ø	Ø	Ø	Ø	Ø	Ø	Ø	Ø	241:0, 664:1, 936:0, 1447:0, 3129:2, 3512:2, 2070:4	bark / because / black / green / long / short / wind
35	C	11	r	h	Ø	Ø	Ø	ɾ	Ø	Ø	Ø	Ø	Ø	Ø	Ø	Ø	Ø	Ø	Ø	Ø	Ø	Ø	ɾ	Ø	Ø	Ø	Ø	r	Ø	Ø	Ø	Ø	Ø	Ø	Ø	Ø	664:4, 820:2, 2991:2, 3011:2, 3091:6, 1822:6, 3092:2, 120:2, 967:5, 1286:3, 3625:2	cloud / feather (larger feathers rather than down) / fog / long / mountain / new / rotten (especially log) / thick / what? / when? / wide
54	C	4	r	ŋ	Ø	Ø	Ø	Ø	Ø	Ø	Ø	Ø	Ø	Ø	Ø	Ø	Ø	Ø	Ø	Ø	Ø	Ø	ɾ	Ø	Ø	Ø	Ø	r	Ø	Ø	Ø	Ø	Ø	Ø	Ø	Ø	192:5, 1447:4, 2899:4, 1182:4	good / right (hand) / short / two
143	C	2	r	h	Ø	Ø	Ø	Ø	Ø	Ø	Ø	Ø	Ø	Ø	Ø	Ø	Ø	Ø	Ø	Ø	Ø	Ø	r	Ø	Ø	Ø	Ø	r	Ø	Ø	Ø	Ø	Ø	Ø	Ø	Ø	1842:4, 2924:4	thin / warm (of weather)
165	C	1	r	ŋ	Ø	Ø	Ø	Ø	-	Ø	Ø	Ø	Ø	Ø	Ø	Ø	Ø	Ø	Ø	Ø	Ø	-	hˀ	Ø	Ø	Ø	Ø	r	Ø	Ø	Ø	Ø	Ø	Ø	Ø	Ø	97:5	flower
193	C	1	r	s	Ø	Ø	Ø	Ø	Ø	Ø	Ø	Ø	Ø	Ø	Ø	Ø	Ø	Ø	Ø	Ø	Ø	Ø	ɾ	Ø	Ø	Ø	Ø	r	Ø	Ø	Ø	Ø	Ø	Ø	Ø	Ø	461:4	how
229	C	1	r	Ø	Ø	Ø	Ø	Ø	Ø	Ø	Ø	Ø	Ø	Ø	Ø	Ø	Ø	Ø	Ø	Ø	Ø	Ø	-	Ø	Ø	Ø	Ø	-	Ø	Ø	Ø	Ø	Ø	Ø	Ø	Ø	863:2	name
21	C	17	p	p	Ø	Ø	Ø	Ø	Ø	Ø	Ø	Ø	Ø	Ø	Ø	Ø	Ø	Ø	Ø	Ø	Ø	Ø	p	Ø	Ø	p	Ø	p	Ø	Ø	Ø	Ø	Ø	Ø	Ø	Ø	192:0, 264:2, 647:3, 936:2, 1137:2, 1709:4, 2374:3, 3152:4, 1244:5, 1487:4, 1606:2, 216:2, 1901:3, 1264:2, 1822:3, 3044:0, 3605:2	bark / blood / father / good / grass / guts / liver / red / root / rope / skin (person's) / snake / straight / thick / three / white / wing
185	C	1	p	p	Ø	Ø	Ø	Ø	Ø	Ø	Ø	Ø	Ø	Ø	Ø	Ø	Ø	Ø	Ø	Ø	Ø	Ø	p.ɨ	Ø	Ø	Ø	Ø	p	Ø	Ø	Ø	Ø	Ø	Ø	Ø	Ø	385:5	back (person's)
405	C	1	nʲ	n	Ø	Ø	Ø	Ø	Ø	Ø	Ø	Ø	Ø	Ø	Ø	Ø	Ø	Ø	Ø	Ø	Ø	Ø	n	Ø	Ø	Ø	Ø	n	Ø	Ø	Ø	Ø	Ø	Ø	Ø	Ø	3505:5	animal
20	C	67	n	n	n	Ø	p	n	n	Ø	Ø	-	n	n	b	Ø	n	ɲ	n	b	n	n	n	n	Ø	Ø	n	n	Ø	ɲ	ɲ	ɲ	n	n	ɲ	w	12:0, 397:2, 826:0, 970:0, 1733:3, 2277:2, 2747:0, 3115:2, 3229:4, 3266:4, 3580:5, 49:0, 385:2, 395:1, 395:3, 528:0, 602:2, 758:0, 934:2, 1010:0, 1077:2, 1137:4, 1234:2, 1234:5, 1235:2, 1495:0, 1668:0, 1792:1, 2374:0, 2735:3, 2880:0, 2941:1, 3152:0, 3152:2, 3183:0, 3466:0, 3489:0, 3505:2, 235:0, 863:0, 1207:1, 1487:0, 1566:4, 1606:0, 1826:0, 1826:2, 1826:7, 834:2, 1182:1, 3576:0, 3576:5, 270:1, 343:0, 422:4, 567:0, 1046:0, 1123:1, 1247:0, 1248:0, 1777:1, 2840:2, 2856:1, 3113:0, 1022:1, 2918:0, 3360:0, 663:0	animal / ashes / at / back (person's) / belly / bird / blood / bone / dog / earth (soil) / egg / fat (organic substance) / fish / hair / he / heart / heavy / in / leaf / left (hand) / meat (flesh) / mountain / mouth / name / neck / new / nose / not / old / person / red / right (hand) / river / road (or trail) / root / sea (ocean) / skin (person's) / sky / smoke (of fire) / snake / stick (of wood) / sun / that / there / to hear / to push / tongue / tooth (front rather than molar) / tree / two / water / wife / wing / woman / worm / year
150	C	8	n	d	Ø	Ø	t	Ø	-	dz	Ø	Ø	t	Ø	d	Ø	Ø	Ø	Ø	d	Ø	-	ɲ	Ø	Ø	Ø	Ø	n	Ø	Ø	Ø	Ø	Ø	Ø	ɲ	Ø	353:0, 1933:1, 2094:1, 3580:0, 1809:0, 2833:1, 2840:8, 2857:0	fat (organic substance) / he / they / to bite / to drink / tongue / tooth (front rather than molar)
73	C	5	n	d	Ø	Ø	Ø	tʃ	Ø	Ø	Ø	Ø	Ø	Ø	Ø	Ø	Ø	Ø	Ø	Ø	Ø	Ø	n	Ø	Ø	Ø	Ø	n	Ø	Ø	Ø	Ø	Ø	Ø	Ø	Ø	131:0, 566:0, 3129:0, 216:0, 1808:0	foot / grass / leaf / they / wind
72	C	3	n	n	Ø	Ø	Ø	Ø	Ø	Ø	Ø	Ø	Ø	Ø	Ø	Ø	Ø	Ø	Ø	Ø	Ø	Ø	n.t	Ø	Ø	Ø	Ø	n	Ø	Ø	Ø	Ø	Ø	Ø	Ø	Ø	1560:2, 3489:4, 3302:4	big / day (opposite of night rather than time measure) / egg
190	C	1	n	∼	Ø	Ø	Ø	Ø	Ø	Ø	Ø	Ø	Ø	Ø	Ø	Ø	Ø	Ø	Ø	Ø	Ø	Ø	∼	Ø	Ø	Ø	Ø	∼	Ø	Ø	Ø	Ø	Ø	Ø	Ø	Ø	438:2	here
269	C	1	n	-	Ø	Ø	Ø	Ø	Ø	Ø	Ø	Ø	Ø	Ø	Ø	Ø	Ø	Ø	Ø	Ø	Ø	Ø	n	Ø	Ø	Ø	Ø	-	Ø	Ø	Ø	Ø	Ø	Ø	Ø	Ø	1137:7	red
308	C	1	n	t	Ø	Ø	Ø	Ø	Ø	Ø	Ø	Ø	Ø	Ø	Ø	Ø	Ø	Ø	Ø	Ø	Ø	Ø	n	Ø	Ø	Ø	Ø	n	Ø	Ø	Ø	Ø	Ø	Ø	Ø	Ø	1709:6	straight
371	C	1	n	w	Ø	Ø	Ø	Ø	Ø	Ø	Ø	Ø	Ø	Ø	Ø	Ø	Ø	Ø	Ø	Ø	Ø	Ø	-	Ø	Ø	Ø	Ø	-	Ø	Ø	Ø	Ø	-	Ø	Ø	Ø	3028:2	where?
354	C	1	mʲ	m	Ø	Ø	Ø	Ø	Ø	Ø	Ø	Ø	Ø	Ø	Ø	Ø	Ø	Ø	Ø	Ø	Ø	Ø	mʲ	Ø	Ø	Ø	Ø	m	Ø	Ø	Ø	Ø	Ø	Ø	Ø	Ø	2899:2	two
6	C	32	m	m	Ø	Ø	Ø	Ø	Ø	Ø	Ø	Ø	Ø	Ø	Ø	Ø	Ø	Ø	Ø	Ø	Ø	Ø	m	Ø	Ø	Ø	Ø	m	Ø	Ø	Ø	Ø	Ø	Ø	Ø	Ø	49:2, 241:2, 264:1, 528:2, 602:0, 625:0, 664:6, 693:2, 758:2, 820:0, 1495:4, 1668:2, 1885:1, 2374:2, 2880:2, 2928:2, 3091:8, 3213:3, 3240:3, 120:7, 235:2, 721:2, 1322:5, 1566:0, 1826:4, 1822:2, 1822:8, 3092:7, 967:2, 967:7, 1901:2, 1901:7	at / bird / blood / cloud / fish / fog / green / guts / in / left (hand) / leg / long / louse / man (male human) / meat (flesh) / mountain / new / sand / sky / smoke (of fire) / stick (of wood) / thick / thou / three / tree / water / wide / woods / ye
131	C	3	m	b	Ø	Ø	Ø	Ø	Ø	Ø	Ø	Ø	Ø	Ø	Ø	Ø	Ø	Ø	Ø	Ø	Ø	Ø	m	Ø	Ø	Ø	Ø	m	Ø	Ø	Ø	Ø	Ø	Ø	-	Ø	362:0, 1167:0, 2070:0	black / head / right (correct)
387	C	1	kʲ	k	Ø	Ø	Ø	Ø	Ø	Ø	Ø	Ø	Ø	Ø	Ø	Ø	Ø	Ø	Ø	Ø	Ø	Ø	kʲ	Ø	Ø	Ø	Ø	k	Ø	Ø	Ø	Ø	Ø	Ø	Ø	Ø	3213:1	woods
12	C	42	k	k	Ø	Ø	Ø	Ø	k	Ø	Ø	Ø	Ø	k	Ø	Ø	Ø	Ø	Ø	Ø	Ø	g	k	Ø	Ø	g	Ø	k	Ø	Ø	Ø	Ø	Ø	Ø	tʲ	Ø	49:4, 192:3, 241:4, 362:2, 625:2, 647:1, 758:5, 934:0, 1087:2, 1087:6, 1109:2, 1137:0, 1224:2, 1688:0, 1759:3, 2735:1, 3091:3, 3227:1, 3261:4, 3294:3, 3431:0, 3466:3, 3505:0, 120:5, 1244:0, 1244:3, 1322:3, 1566:2, 732:0, 1286:0, 1901:0, 3649:2, 1822:0, 2070:2, 3092:5, 3514:3, 97:3, 422:0, 512:0, 1167:4, 1264:4, 3546:3	animal / ashes / belly / bird / black / bone / cloud / cold (of weather) / ear / earth (soil) / fish / flower / fog / good / green / head / heavy / if / leg / liver / many / meat (flesh) / neck / one / other / red / right (correct) / root / rope / rotten (especially log) / sand / smoke (of fire) / stone / tail / thick / three / wide / worm / yellow
136	C	2	k	k	Ø	Ø	Ø	tʃ	t	Ø	Ø	Ø	Ø	Ø	Ø	Ø	Ø	Ø	Ø	Ø	Ø	t	k	Ø	Ø	Ø	Ø	k	Ø	Ø	Ø	Ø	Ø	Ø	Ø	Ø	365:2, 986:0	head / night
200	C	1	k	k	Ø	Ø	Ø	Ø	Ø	Ø	Ø	Ø	Ø	Ø	Ø	Ø	Ø	Ø	Ø	Ø	Ø	Ø	k	Ø	Ø	Ø	Ø	p	Ø	Ø	Ø	Ø	Ø	Ø	Ø	Ø	566:2	leaf
370	C	1	k	-	Ø	Ø	Ø	Ø	Ø	Ø	Ø	Ø	Ø	Ø	Ø	Ø	Ø	Ø	Ø	Ø	Ø	Ø	-	Ø	Ø	Ø	Ø	-	Ø	Ø	Ø	Ø	Ø	Ø	Ø	Ø	3011:6	when?
46	C	15	j	j	Ø	Ø	Ø	Ø	j	Ø	Ø	Ø	Ø	Ø	Ø	t	Ø	Ø	Ø	Ø	Ø	ð	j	Ø	Ø	dʑ	Ø	j	Ø	Ø	Ø	Ø	Ø	Ø	Ø	Ø	1495:2, 1642:0, 1688:2, 2928:0, 3071:0, 3294:0, 120:0, 1322:0, 3092:0, 3576:2, 3345:0, 3649:0, 97:0, 967:0, 3559:0	ashes / cloud / dog / far / flower / fog / new / sand / sea (ocean) / sky / star / stone / water / who? / yellow
33	C	29	h	h	k	k	Ø	Ø	k	Ø	Ø	k	h	Ø	Ø	Ø	Ø	Ø	Ø	Ø	Ø	kˀ	h	Ø	Ø	ʔ	k	h	Ø	Ø	Ø	Ø	Ø	Ø	Ø	k	648:0, 1093:2, 1266:4, 1387:2, 1523:2, 1568:5, 2382:4, 2570:3, 2993:0, 3012:0, 363:3, 3490:4, 2929:4, 3627:0, 1127:0, 300:3, 438:0, 934:5, 1010:2, 1235:0, 1759:1, 2899:0, 3170:0, 3489:2, 3516:0, 18:0, 422:2, 3044:2, 3372:0	I / belly / blood / egg / eye / feather (larger feathers rather than down) / fire / hand / head / heavy / here / liver / neck / nose / one / person / road (or trail) / see / sleep / smoke (of fire) / tail / to spit / two / water / what? / when? / white / with (accompanying)
88	C	13	h	j	Ø	Ø	h	Ø	Ø	Ø	Ø	Ø	Ø	Ø	h	h	Ø	Ø	Ø	h	h	Ø	h	Ø	Ø	ʔ	Ø	h	Ø	Ø	Ø	Ø	Ø	Ø	Ø	Ø	23:2, 218:7, 487:2, 797:2, 811:2, 1011:3, 1498:5, 3306:3, 3395:2, 3468:5, 3636:2, 1866:0, 3559:2	day (opposite of night rather than time measure) / dull (knife) / earth (soil) / far / feather (larger feathers rather than down) / fire / grass / husband / mother / mountain / nose / sky / this
83	C	2	h	m	Ø	Ø	Ø	Ø	Ø	Ø	Ø	Ø	Ø	Ø	Ø	Ø	Ø	Ø	Ø	Ø	Ø	Ø	-	Ø	Ø	Ø	Ø	-	Ø	Ø	Ø	Ø	Ø	Ø	Ø	Ø	1077:0, 1560:0	big / old
177	C	1	h	-	Ø	Ø	Ø	Ø	Ø	Ø	Ø	Ø	Ø	Ø	Ø	Ø	Ø	Ø	Ø	Ø	Ø	Ø	h	Ø	Ø	Ø	Ø	h	Ø	Ø	Ø	Ø	Ø	Ø	Ø	Ø	264:4	guts
192	C	1	-	h	Ø	Ø	Ø	Ø	Ø	Ø	Ø	Ø	Ø	Ø	Ø	Ø	Ø	Ø	Ø	Ø	Ø	Ø	-	Ø	Ø	Ø	Ø	-	Ø	Ø	Ø	Ø	Ø	Ø	Ø	Ø	461:3	how
289	C	1	-	-	Ø	Ø	Ø	Ø	Ø	Ø	Ø	Ø	Ø	Ø	Ø	Ø	Ø	Ø	Ø	Ø	Ø	Ø	pˀ	Ø	Ø	Ø	Ø	-	Ø	Ø	Ø	Ø	Ø	Ø	Ø	Ø	1495:5	sky
307	C	1	-	t	Ø	Ø	Ø	Ø	Ø	Ø	Ø	Ø	Ø	Ø	Ø	Ø	Ø	Ø	Ø	Ø	Ø	Ø	t	Ø	Ø	Ø	Ø	t	Ø	Ø	Ø	Ø	Ø	Ø	Ø	Ø	1709:0	straight
315	C	1	-	-	Ø	Ø	Ø	Ø	Ø	Ø	Ø	Ø	Ø	Ø	Ø	Ø	Ø	Ø	Ø	Ø	Ø	Ø	m	Ø	Ø	Ø	Ø	-	Ø	Ø	Ø	Ø	Ø	Ø	Ø	Ø	1851:0	all (of a number)
415	C	1	-	-	Ø	Ø	Ø	p	Ø	Ø	Ø	Ø	Ø	Ø	Ø	Ø	Ø	Ø	Ø	Ø	Ø	Ø	Ø	Ø	Ø	Ø	Ø	-	Ø	Ø	Ø	Ø	Ø	Ø	Ø	Ø	3625:0	feather (larger feathers rather than down)
1	+	102	Ø	Ø	Ø	Ø	Ø	Ø	Ø	Ø	Ø	Ø	Ø	Ø	Ø	Ø	+	Ø	Ø	Ø	Ø	Ø	Ø	Ø	Ø	Ø	Ø	Ø	Ø	+	+	+	Ø	Ø	Ø	Ø	100:4, 259:4, 259:7, 308:3, 409:4, 431:2, 431:5, 593:2, 593:5, 595:2, 640:3, 663:2, 663:5, 704:3, 777:2, 867:4, 922:2, 922:5, 981:4, 1055:4, 1078:2, 1078:5, 1120:4, 1133:2, 1160:4, 1160:7, 1218:1, 1259:3, 1259:6, 1280:1, 1283:2, 1301:4, 1304:4, 1407:3, 1444:2, 1444:5, 1536:3, 1579:1, 1579:4, 1600:2, 1600:5, 1618:2, 1672:2, 1703:4, 1717:3, 1832:6, 1832:8, 1861:3, 1939:3, 2012:2, 2084:2, 2213:2, 2233:2, 2263:4, 2263:7, 2284:4, 2360:4, 2371:3, 2391:2, 2423:2, 2453:4, 2521:2, 2521:5, 2540:2, 2562:4, 2592:2, 2592:5, 2603:3, 2605:3, 2641:2, 2690:1, 2712:6, 2712:11, 2732:2, 2732:5, 2755:4, 2783:5, 2815:4, 2874:3, 3022:2, 3022:5, 3041:2, 3042:2, 3069:3, 3069:6, 3108:3, 3165:2, 3179:3, 3292:4, 3292:7, 3388:4, 3388:7, 3403:2, 3403:5, 3463:1, 3503:2, 3642:3, 1020:2, 1653:3, 1673:2, 2882:3, 522:4	back (person's) / bark / big / black / blood / cloud / dry (substance) / dull (knife) / egg / feather (larger feathers rather than down) / flower / green / hand / heart / heavy / leg / louse / name / near / new / nose / not / old / other / red / river / root / rope / rotten (especially log) / say / see / sharp (as knife) / sleep / smoke (of fire) / smooth / snake / star / stick (of wood) / stone / there / thick / thin / to bite / to come / to cut / to dig / to eat / to flow / to fly / to hear / to kill / to know (facts) / to live / to pull / to push / to sew / to sing / to smell (perceive odor) / to split / to squeeze / to swim / to think / to throw / to tie / to vomit / to wash / tooth (front rather than molar) / tree / when? / where? / white / wide / wing / woman / yellow
232	+	1	Ø	Ø	Ø	Ø	+	Ø	Ø	Ø	Ø	Ø	Ø	Ø	o	Ø	Ø	Ø	Ø	+	Ø	Ø	Ø	Ø	Ø	Ø	Ø	Ø	Ø	Ø	Ø	Ø	Ø	Ø	Ø	Ø	970:3	new
416	+	1	Ø	Ø	+	+	Ø	Ø	Ø	Ø	Ø	+	Ø	Ø	Ø	Ø	Ø	Ø	Ø	Ø	Ø	Ø	Ø	Ø	Ø	Ø	Ø	Ø	Ø	Ø	Ø	Ø	Ø	Ø	Ø	Ø	3627:4	feather (larger feathers rather than down)
8	+	59	+	+	Ø	Ø	+	Ø	-	Ø	Ø	Ø	Ø	Ø	+	Ø	Ø	Ø	Ø	+	Ø	-	+	Ø	Ø	Ø	Ø	+	Ø	Ø	Ø	Ø	Ø	Ø	+	Ø	12:2, 23:4, 73:2, 133:2, 218:6, 350:1, 353:2, 364:4, 397:4, 662:3, 662:6, 695:4, 842:1, 1011:2, 1011:5, 1089:2, 1107:2, 1107:5, 1111:2, 1141:2, 1141:6, 1210:2, 1267:4, 1325:4, 1498:4, 1582:4, 1607:1, 1607:4, 1645:7, 1669:3, 1711:2, 1711:7, 1794:1, 2884:3, 2901:2, 2901:5, 2930:2, 2978:4, 3395:4, 3395:7, 3395:10, 3468:4, 3519:4, 3580:4, 3636:1, 3636:4, 1809:2, 395:4, 664:3, 1077:5, 3091:5, 3512:1, 1286:2, 1286:4, 1822:5, 3576:4, 967:4, 2840:7, 2840:10	ashes / bad (deleterious or unsuitable) / because / big / dull (knife) / earth (soil) / eye / fat (organic substance) / feather (larger feathers rather than down) / fire / five / foot / grass / he / head / heart / here / long / louse / mouth / new / nose / old / one / other / red / river / rope / rotten (especially log) / sand / sea (ocean) / sky / snake / star / stick (of wood) / straight / there / they / thick / tongue / tree / two / water / wet / wide
